Workbook

Sheet Instrucciones
A1: Base de usuarios del Rol de Instructores LP
A3: Usuarios | B3: Una fila por persona. Para agregar a alguien, escribe una fila nueva debajo de la última. Las celdas amarillas de la columna Correo corporativo están por completar.
A4: Rol | B4: Instructor o Administrador. Se elige de la lista.
A5: Activo | B5: SI o NO. Para dar de baja a alguien, cambia a NO en lugar de borrar la fila, así se conserva su historial.
A6: Registro | B6: Lo llena la aplicación en cada ingreso, salida o intento fallido. No hace falta editarla a mano.
A7: Ultimo_Acceso | B7: Se calcula sola desde Usuarios y Registro. No escribir aquí.
A8: Permisos | B8: Qué vistas ve cada rol. SI muestra la vista y NO la oculta.
A10: Ejemplo de fila en Usuarios | B10: BP 1234567 | Nombre Apellido | APELLIDO APELLIDO NOMBRE | nombre.apellido@latam.com | Instructor | A319/A320/A321/B767 | JSB | INS | SI
A11: Ejemplo de fila en Registro | B11: 27/09/2026 08:15:00 | 1234567 | Nombre Apellido | nombre.apellido@latam.com | Instructor | Ingreso | OK | Chrome en Windows
A12: Fuentes | B12: Un Google Sheet por mes (hoja ROL INS). Se agregan desde la app (Actualizar rol › Conectar Google Sheet) o escribiendo Mes (aaaa-mm) y el enlace. Activo = NO pausa la lectura.
A13: Solicitudes | B13: Pedidos de jefatura e instructores: BP, Nombre, Desde, Hasta, Tipo y Estado (asignado / no se asignó).
A14: Vigencias | B14: Experiencia reciente por BP (hoja BG INS). Escribe VENCIDO en la columna programada para generar una alerta.
A15: Acceso a la app | B15: Usuario = BP o correo corporativo. La primera vez, coordinación genera un código temporal (Usuarios y accesos) y la persona crea su contraseña. Las contraseñas no se guardan en este archivo.
... A18: SolicitudesVacaciones | B18: Lo llena la app cuando un instructor pide días. Coordinación aprueba o rechaza en la pestaña Vacaciones.

Sheet Vacaciones
A1: BP | B1: Nombre | C1: Fecha DGAC original | D1: Fecha DGAC 2025 | E1: Fecha DGAC 2026 | F1: Derecho 2025-26 | G1: Derecho 2026-27 | H1: Tomados 2025-26 | I1: Programado por mes 2026
A2: 29530 | B2: GUERRA SUAREZ JAZMIN | C2: 40567 | D2: 45681 | E2: 46046 | F2: 40 | G2: 41 | H2: 41 | I2: 5:8; 6:7; 10:15; 12:11
A3: 71348 | B3: MOZ MONTES KARLA LISSETTE | C3: 38223 | D3: 45893 | E3: 46258 | F3: 45 | G3: 45 | H3: 7 | I3: 2:7
A4: 967092 | B4: DAVILA BELLO MARIA ERIKA | C4: 38139 | D4: 45809 | E4: 46174 | F4: 45 | G4: 45 | H4: 46 | I4: 1:15; 2:7; 8:24
A5: 1271571 | B5: RONDON BARRUTIA CHRISTIAN ERIC | D5: 45950 | E5: 46315 | F5: 45 | G5: 45 | H5: 21 | I5: 2:6; 3:1; 5:7; 8:7
A6: 2369624 | B6: NAJAR CRUZ PATRICIA DEL PILAR | C6: 39187 | D6: 45762 | E6: 46127 | F6: 44 | G6: 45 | H6: 42 | I6: 1:6; 4:7; 8:7; 9:7; 10:15
A7: 2369641 | B7: TORRES POLO ELIZABETH DEL PILAR | C7: 39197 | D7: 45772 | E7: 46137 | F7: 44 | G7: 45 | H7: 42 | I7: 1:12; 6:8; 9:15; 11:7
A8: 2396710 | B8: CORREA GARCIA JUAN SEBASTIAN | D8: 45823 | E8: 46188 | F8: 43 | G8: 45 | H8: 31 | I8: 4:18; 6:8; 11:5
A9: 2415373 | B9: SALAS COSIO MILAGROS PATRICIA | C9: 39295 | D9: 45870 | E9: 46235 | F9: 44 | G9: 45 | H9: 44 | I9: 5:29; 10:15
A10: 2440915 | B10: FERNANDEZ GARCIA JUDITH JULIET | C10: 39356 | D10: 45931 | E10: 46296 | F10: 44 | G10: 45 | H10: 44 | I10: 1:7; 2:14; 8:15; 10:8
A11: 2604360 | B11: CARRASCO BENAVIDES ROSA MARIELLA | C11: 40301 | D11: 45780 | E11: 46145 | F11: 41 | G11: 42 | H11: 40 | I11: 2:10; 5:8; 9:15; 11:7
A12: 2713993 | B12: RUIZ RIOJA FIORELLA DEL PILAR | D12: 45689 | E12: 46054 | F12: 45 | G12: 45 | H12: 41 | I12: 3:5; 5:2; 7:1; 10:29; 11:4
A13: 2823133 | B13: CAMPOS CONCHE CESAR AUGUSTO | C13: 40546 | D13: 45660 | E13: 46025 | F13: 40 | G13: 41 | H13: 41 | I13: 6:15; 7:15; 12:11
A14: 2843319 | B14: SANTA CRUZ HUAMAN KAREN | C14: 40026 | D14: 45870 | E14: 46235 | F14: 42 | G14: 43 | H14: 42 | I14: 1:14; 7:12; 10:16
A15: 3134911 | B15: ZAPATA GARAYAR JAVIER RICARDO SALVADOR | C15: 40462 | D15: 45941 | E15: 46306 | F15: 41 | G15: 42 | H15: 46 | I15: 3:23; 10:23
A16: 3189967 | B16: SEGOVIA TAPIA RAY KEVIN | C16: 40546 | D16: 45660 | E16: 46025 | F16: 40 | G16: 41 | H16: 41 | I16: 6:7; 8:16; 9:18
A17: 3217561 | B17: FLORES FUENTES DAVILA CLAUDIA ALEXANDRA | C17: 40567 | D17: 45681 | E17: 46046 | F17: 40 | G17: 41 | H17: 41 | I17: 4:15; 9:15; 11:11
A18: 3750335 | B18: MENDEZ RUCOBA JEFFERSON JOHONATAN | C18: 42186 | D18: 45839 | E18: 46204 | F18: 36 | G18: 37 | H18: 35 | I18: 4:20; 9:8; 11:7
A19: 3779550 | B19: ACURIO DARGENT JENNIFERT MILAGROS | C19: 41470 | D19: 45853 | E19: 46218 | F19: 38 | G19: 39 | H19: 38 | I19: 4:8; 6:15; 11:15
A20: 3796947 | B20: RAFAEL ANTONIO NIETO | C20: 41526 | F20: 38 | G20: 39 | H20: 8 | I20: 9:8
A21: 3841387 | B21: CELIZ ROSSI GIANFRANCO PAOLO | C21: 41656 | D21: 45674 | E21: 46039 | F21: 37 | G21: 38 | H21: 39 | I21: 1:8; 6:7; 7:17; 8:7
A22: 3852423 | B22: UNGARO GUTIERREZ SARA GABRIELA | C22: 41835 | D22: 45853 | E22: 46218 | F22: 37 | G22: 38 | H22: 39 | I22: 3:8; 5:8; 6:7; 8:16

Sheet VacacionesDias
A1: BP | B1: Fecha
A2: 29530 | B2: 45299
A3: 29530 | B3: 45300
A4: 29530 | B4: 45301
A5: 29530 | B5: 45302
A6: 29530 | B6: 45303
A7: 29530 | B7: 45304
A8: 29530 | B8: 45305
A9: 29530 | B9: 45306
A10: 29530 | B10: 45307
A11: 29530 | B11: 45308
A12: 29530 | B12: 45309
A13: 29530 | B13: 45310
... A2325: 3852423 | B2325: 46257

Sheet VacacionesBloques
A1: BP | B1: Desde | C1: Hasta | D1: Días | E1: Registrado
A2: 29530 | B2: 46296 | C2: 46310 | D2: 15 | E2: 46230
A3: 29530 | B3: 46377 | C3: 46387 | D3: 11 | E3: 46230
A4: 1271571 | B4: 46279 | C4: 46313 | D4: 24 | E4: 46227
A5: 2369624 | B5: 46296 | C5: 46310 | D5: 15 | E5: 46230
A6: 2369624 | B6: 46266 | C6: 46272 | D6: 7 | E6: 46230
A7: 2369641 | B7: 46282 | C7: 46295 | D7: 14 | E7: 46230
A8: 2369641 | B8: 46349 | C8: 46356 | D8: 8 | E8: 46230
A9: 2415373 | B9: 46300 | C9: 46307 | D9: 8 | E9: 46234
A10: 2415373 | B10: 46308 | C10: 46314 | D10: 7 | E10: 46235
A11: 2440915 | B11: 46303 | C11: 46310 | D11: 8 | E11: 46230
A12: 2604360 | B12: 46281 | C12: 46295 | D12: 15 | E12: 46233
A13: 2604360 | B13: 46381 | C13: 46387 | D13: 7 | E13: 46233
... A24: 3779550 | B24: 46328 | C24: 46342 | D24: 15 | E24: 46237

Sheet SolicitudesVacaciones
A1: ID | B1: BP | C1: Nombre | D1: Días | E1: Cantidad | F1: Enviada | G1: Estado | H1: Decidida | I1: Decidida por

Sheet Roles
A1: mes | B1: json | C1: actualizadoAt | D1: origen
A2: 2026-01 | B2: {"hoja":"ENERO","fuente":"10 - Rol_Instructores_LP_OCTUBRE_1.xlsx","mes":"2026-01","instructores":[{"dias":["B","LCK B767\n- LIM-BOG\n- LA 2489 (13:00-16:15 hrs)\nLCK B767\n- BOG-LIM\n- LA 2488 (17:20-20:45 hrs)","FDS","FDS","LCK B767\n- LIM-MIA\n- LA 2694 (13:30-19:30 hrs)","Blanco","Reentrenamiento B767\n- MIA-LIM\n- LA 2699 (23:10-05:00 hrs)","Reva de Servicio\n(08:30-17:30 hrs)\nDÍA 1","Reva de Servicio\n(08:30-17:30 hrs)\nDÍA 2","FDS","FDS","LCK B787\n- LIM-SCL\n- LA 2697 (09:35-13:00 hrs)\nRECALIFICACIÓN B787\n- SCL-LIM\n- LA 2696 (16:00-19:45 hrs)","RESERVA IET Tarde","LCK B787\n- LIM-SCL\n- LA 2697 (09:35-13:00 hrs)\nLCK B787\n- SCL-LIM\n- LA 2696 (16:00-19:45 hrs)","Inicial G13\nTARDE","Inicial G13","FDS","FDS","LCK B767\n- LIM-MIA\n- LA 2694 (13:30-19:30 hrs)","Blanco","Reentrenamiento B767\n- MIA-LIM\n- LA 2699 (23:10-05:00 hrs)","Inicial G3","HANDS ON B767","FDS","FDS","HO FILE","Inicial G3","CHEQUEO LATAM B787\n- LIM-SCL\n- LA 2697 (09:35-13:00 hrs)\nCHEQUEO LATAM B787\n- SCL-LIM\n- LA 2696 (16:00-19:45 hrs)","RESERVA IET Tarde","RESERVA IET","FDS"],"nombre":"Fiorella Ruiz","bp":"2713993"},{"nombre":"Sebastian Correa","dias":["DO","RESERVA IET","FDS","FDS","RESERVA IET","Habilitación B787\n- LIM-SCL\n- LA 2697 (09:35-13:00 hrs)\nPD\n- SCL-LIM\n- LA 2696 (16:00-19:45 hrs)","RESERVA IET Tarde","LCK B767\n- LIM-BOG\n- LA 2489 (13:00-16:15 hrs)\nLCK B767\n- BOG-LIM\n- LA 2488 (17:20-20:45 hrs)","RESERVA IET Tarde","FDS","FDS","TALLER VOLUNTARIO SEG","Inicial G2","RTI: PRÁCTICA\nA320F / B767 / B787\n(08:30-17:30 hrs)\nINS APOYO","Inicial G13","Inicial G2","FDS","FDS","LCK B787\n- LIM-SCL\n- LA 2697 (09:35-13:00 hrs)\nLCK B787\n- SCL-LIM\n- LA 2696 (16:00-19:45 hrs)","RESERVA IET Tarde","LCK B787\n- LIM-SCL\n- LA 2697 (09:35-13:00 hrs)\nLCK B787\n- SCL-LIM\n- LA 2696 (16:00-19:45 hrs)","RESERVA IET Tarde","RESERVA IET","FDS","FDS","CHEQUEO DGAC B787\n- LIM-SCL\n- LA 2697 (09:35-13:00 hrs)\nCHEQUEO DGAC B787\n- SCL-LIM\n- LA 2696 (16:00-19:45 hrs)","RESERVA IET Tarde","HO FILE","HANDS ON B787","CHEQUEO DGAC B787\n- LIM-SCL\n- LA 2697 (09:35-13:00 hrs)\nPD B787\n- SCL-LIM\n- LA 2696 (16:00-19:45 hrs)","FDS"],"bp":"2396710"},{"bp":"1271571","dias":["DO","TTT RRVV\nINS","FDS","FDS","LCK B787\n- LIM-SCL\n- LA 2697 (09:35-13:00 hrs)\nLCK B787\n- SCL-LIM\n- LA 2696 (16:00-19:45 hrs)","RESERVA IET Tarde","LCK B787\n- LIM-SCL\n- LA 2697 (09:35-13:00 hrs)\nLCK B787\n- SCL-LIM\n- LA 2696 (16:00-19:45 hrs)","RESERVA IET Tarde","Inicial G3","FDS","FDS","RESERVA IET","CHEQUEO LATAM B787\n- LIM-SCL\n- LA 2697 (09:35-13:00 hrs)\nCHEQUEO LATAM B787\n- SCL-LIM\n- LA 2696 (16:00-19:45 hrs)","RESERVA IET Tarde","RTI: PRÁCTICA\nA320F / B767 / B787\n(08:30-17:30 hrs)\nINS APOYO TM","Inicial G13","FDS","FDS","Blanco Recojo","LCK B767\n- LIM-MIA\n- LA 2480 (00:15-06:15 hrs)","PD\n- MIA-LIM\n- LA 2481 (15:55-21:40 hrs)","RESERVA IET Tarde","HANDS ON B787","FDS","FDS","LCK B767\n- LIM-MIA\n- LA 2694 (13:30-19:30 hrs)","Blanco","PD\n- MIA-LIM\n- LA 2699 (23:10-05:00 hrs)","HO FILE","TTT RRVV\nINS","FDS"],"nombre":"Christian Rondon"},{"dias":["DO","TTT RRVV\nALUMNO","DO","DO","Blanco Recojo","LCK B767\n- LIM-MIA\n- LA 2480 (00:15-06:15 hrs)","PD\n- MIA-LIM\n- LA 2481 (15:55-21:40 hrs)","RESERVA IET Tarde","RTI: PRÁCTICA\nA320F / B767\n(08:30-17:30 hrs)\nINS APOYO","DO","DO","HO FILE","AUDITORIA PROCAB","Inicial G13","DO","VACACIONES","VACACIONES","VACACIONES","VACACIONES","VACACIONES","VACACIONES","VACACIONES","VACACIONES","VACACIONES","VACACIONES","VACACIONES","VACACIONES","VACACIONES","VACACIONES","VACACIONES","VACACIONES"],"bp":"2843319","nombre":"Karen Santa Cruz"},{"bp":"3779550","dias":["DO","DO","DO","DO","RESERVA IET","LCK A320F\nLIM-AQP-LIM\nLA 2123 (09:20-11:00 hrs)\nLA 2124 (11:35-13:10 hrs)\nLCK A320F\nLIM-PCL-LIM\nLA 2360 (14:05-15:20 hrs)\nLA 2361 (15:55-17:10 hrs)","RESERVA IET","Inicial G3","RTI: PRÁCTICA\nA320F / B767\n(08:30-17:30 hrs)\nINS TITULAR","DO","DO","HAB B787","RESERVA IET Tarde","Inicial G13","LCK B767\n- LIM-BOG\n- LA 2489 (13:00-16:15 hrs)\nLCK B767\n- BOG-LIM\n- LA 2488 (17:20-20:45 hrs)","RESERVA IET Tarde","DO","DO","Inicial G13","Blanco Recojo","LCK B767\n- LIM-MIA\n- LA 2480 (00:15-06:15 hrs)","PD\n- MIA-LIM\n- LA 2695 (16:20-22:00 hrs)","RESERVA IET Tarde","DO","DO","HO FILE","Inicial G3","Blanco Recojo","LCK B767\n- LIM-MIA\n- LA 2480 (00:15-06:15 hrs)","Habilitación B767\n- MIA-LIM\n- LA 2481 (15:55-21:40 hrs)","DO"],"nombre":"Jennifert Acurio"},{"nombre":"Jazmin Guerra","dias":["DO","HO FILE","DO","DO","Inicial G13","Inicial G2","HAB B787","DO","DO","DO","DO","LCK B767\n- LIM-MIA\n- LA 2694 (13:30-19:30 hrs)","Blanco","PD\n- MIA-LIM\n- LA 2699 (23:10-05:00 hrs)","RTI: PRÁCTICA\nA320F / B767 / B787\n(08:30-17:30 hrs)\nINS APOYO TM","LCK B767\n- LIM-BOG\n- LA 2489 (13:00-16:15 hrs)\nLCK B767\n- BOG-LIM\n- LA 2488 (17:20-20:45 hrs)","DO","DO","Inicial G13","Inicial G13","Blanco Recojo","LCK B767\n- LIM-MIA\n- LA 2480 (00:15-06:15 hrs)","PD\n- MIA-LIM\n- LA 2481 (15:55-21:40 hrs)","DO","DO","Situaciones de Emergencia B767\nTripulación de Mando\nLP\n(08:30-17:30 hrs)","HO FILE","Ditching Presencial B767 + HANDS ON\nTripulación de Mando\nLP\n(08:30-17:30 hrs)","Reva de Servicio\n(08:30-17:30 hrs)\nDÍA 1","Reva de Servicio\n(08:30-17:30 hrs)\nDÍA 2","DO"],"bp":"29530"},{"dias":["DO","DO","DO","DO","LCK A320F\nLIM-CUZ-LIM\nLA 2007 (09:15-10:45 hrs)\nLA 2008 (11:20-12:55 hrs)\nLCK A320F\nLIM-AQP-LIM\nLA 2115 (13:55-15:25 hrs)\nLA 2114 (16:00-17:35 hrs)","RESERVA IET","LCK A320F\nLIM-TCQ-LIM\nLA 2245 (09:00-10:50 hrs)\nLA 2244 (11:25-13:15 hrs)\nLCK A320F\nLIM-TPP-LIM\nLA 2087 (14:10-15:35 hrs)\nLA 2088 (16:10-17:30 hrs)","Inicial G2","Inicial G2","DO","DO","TALLER VOLUNTARIO SEG","HANDS ON B767","Inicial G13","Inicial G2","HAB B767 (CST)","DO","DO","LCK A320F\nLIM-AQP-LIM\nLA 2123 (09:20-11:00 hrs)\nLA 2124 (11:35-13:10 hrs)\nLCK A320F\nLIM-CUZ-LIM\nLA 2075 (14:25-15:50 hrs)\nLA 2076 (16:25-18:00 hrs)","LCK ALUMNO","Inicial G3","Inicial G13","LCK A320F\nLIM-AQP-LIM\nLA 2123 (09:20-11:00 hrs)\nLA 2124 (11:35-13:10 hrs)\nLCK A320F\nLIM-CIX-LIM\nLA 2312 (14:25-15:55 hrs)\nLA 2313 (16:35-18:00 hrs)","DO","DO","LCK A320F\nLIM-CUZ-LIM\nLA 2007 (09:15-10:45 hrs)\nLA 2008 (11:20-12:55 hrs)\nLCK A320F\nLIM-AQP-LIM\nLA 2115 (13:55-15:25 hrs)\nLA 2114 (16:00-17:35 hrs)","HO FILE","LCK A320F\nLIM-AQP-LIM\nLA 2123 (09:20-11:00 hrs)\nLA 2124 (11:35-13:10 hrs)\nLCK A320F\nLIM-PCL-LIM\nLA 2360 (14:05-15:20 hrs)\nLA 2361 (15:55-17:10 hrs)","Inicial G2","LCK A320F\nLIM-AQP-LIM\nLA 2123 (09:20-11:00 hrs)\nLA 2124 (11:35-13:10 hrs)\nLCK A320F\nLIM-TPP-LIM\nLA 2087 (14:10-15:35 hrs)\nLA 2088 (16:10-17:30 hrs)","DO"],"nombre":"Claudia Flores","bp":"3217561"},{"nombre":"Luis Bacigalupo","dias":["DO","HO FILE","DO","DO","RESERVA IET","LCK A320F\nLIM-TCQ-LIM\nLA 2245 (09:00-10:50 hrs)\nLA 2244 (11:25-13:15 hrs)\nLCK A320F\nLIM-TPP-LIM\nLA 2087 (14:10-15:35 hrs)\nLA 2088 (16:10-17:30 hrs)","Inicial G2","DO","DO","DO","DO","Blanco Recojo","LCK B767\n- LIM-MIA\n- LA 2480 (00:15-06:15 hrs)","LCK B767\n- MIA-LIM\n- LA 2481 (15:55-21:40 hrs)","Inicial G13\nTARDE","Inicial G13","DO","DO","Inicial G2","Reva de Servicio\n(08:30-17:30 hrs)\nDÍA 1","Reva de Servicio\n(08:30-17:30 hrs)\nDÍA 2","LCK B767\n- LIM-BOG\n- LA 2489 (13:00-16:15 hrs)\nLCK B767\n- BOG-LIM\n- LA 2488 (17:20-20:45 hrs)","RESERVA IET Tarde","DO","DO","Inicial G13","Blanco Recojo","LCK B767\n- LIM-MIA\n- LA 2480 (00:15-06:15 hrs)","PD\n- MIA-LIM\n- LA 2695 (16:20-22:00 hrs)","RESERVA IET Tarde","DO"],"bp":"2963161"},{"dias":["LP","LP","LP","LP","LP","LP","LP","LP","LP","LP","LP","LP","LP","LP","LP","LP","LP","LP","LP","LP","LP","LP","LP","LP","LP","LP","LP","LP","LP","LP","LP"],"bp":"71348","nombre":"Karla Moz"},{"bp":"967092","dias":["VACACIONES","VACACIONES","VACACIONES","VACACIONES","VACACIONES","VACACIONES","VACACIONES","RESERVA IET","RTI: PRÁCTICA\nA320F / B767\n(08:30-17:30 hrs)\nINS APOYO TM","DO","DO","Inicial G3","RTI: VIRTUAL\nA320F / B767 / B787\n(08:30-17:30 hrs)\nINS TITULAR","RTI: PRÁCTICA\nA320F / B767 / B787\n(08:30-17:30 hrs)\nINS TITULAR","RTI: PRÁCTICA\nA320F / B767 / B787\n(08:30-17:30 hrs)\nINS TITULAR","Inicial G13","DO","DO","Inicial G13","Inicial G13","Inicial G13","Inicial G2","DO","VACACIONES","VACACIONES","VACACIONES","VACACIONES","VACACIONES","VACACIONES","VACACIONES","VACACIONES"],"nombre":"Erika Dávila"},{"dias":["VACACIONES","VACACIONES","VACACIONES","VACACIONES","VACACIONES","VACACIONES","VACACIONES","VACACIONES","VACACIONES","VACACIONES","VACACIONES","VACACIONES","Blanco Recojo","LCK B767\n- LIM-MIA\n- LA 2480 (00:15-06:15 hrs)","PD\n- MIA-LIM\n- LA 2695 (16:20-22:00 hrs)","RESERVA IET Tarde","DO","DO","HO FILE","Inicial G13","Inicial G13","HAB NB","LCK B767\n- LIM-BOG\n- LA 2489 (13:00-16:15 hrs)\nLCK B767\n- BOG-LIM\n- LA 2488 (17:20-20:45 hrs)","DO","DO","Blanco Recojo","LCK B767\n- LIM-MIA\n- LA 2480 (00:15-06:15 hrs)","PD\n- MIA-LIM\n- LA 2481 (15:55-21:40 hrs)","RESERVA IET Tarde","TTT RRVV\nALUMNO","DO"],"nombre":"Elizabeth Torres","bp":"2369641"},{"bp":"2369624","nombre":"Patricia del Pilar Najar","dias":["VACACIONES","VACACIONES","VACACIONES","VACACIONES","VACACIONES","VACACIONES","NME","NME","NME","NME","NME","NME","NME","NME","NME","NME","NME","NME","NME","NME","NME","NME","NME","NME","NME","NME","NME","NME","NME","NME","NME"]},{"nombre":"Javier Zapata","bp":"3134911","dias":["DO","Inicial G13","DO","DO","RESERVA IET","LCK ALUMNO","Inicial G3","DO","DO","DO","DO","Inicial G2","LCK B767\n- LIM-MIA\n- LA 2698 (08:25-14:20 hrs)","Blanco","PD\n- MIA-LIM\n- LA 2699 (23:10-05:00 hrs)","Inicial G13","DO","DO","Inicial G3","Inicial G3","Inicial G13","RTI: PRÁCTICA\nA320F / B767\n(08:30-17:30 hrs)\nINS APOYO TM","Inicial G13","DO","DO","RESERVA IET","HO FILE","Inicial G3","LCK B767\n- LIM-BOG\n- LA 2489 (13:00-16:15 hrs)\nLCK B767\n- BOG-LIM\n- LA 2488 (17:20-20:45 hrs)","RESERVA IET Tarde","DO"]},{"bp":"3750335","nombre":"Jefferson Mendez","dias":["DO","RESERVA IET","DO","DO","LCK A320F\nLIM-AQP-LIM\nLA 2123 (09:20-11:00 hrs)\nLA 2124 (11:35-13:10 hrs)\nLCK A320F\nLIM-TPP-LIM\nLA 2087 (14:10-15:35 hrs)\nLA 2088 (16:10-17:30 hrs)","RESERVA IET","LCK A320F\nLIM-AQP-LIM\nLA 2123 (09:20-11:00 hrs)\nLA 2124 (11:35-13:10 hrs)\nLCK A320F\nLIM-PCL-LIM\nLA 2360 (14:05-15:20 hrs)\nLA 2361 (15:55-17:10 hrs)","DO","DO","DO","DO","LCK A320F\nLIM-TCQ-LIM\nLA 2245 (09:00-10:50 hrs)\nLA 2244 (11:25-13:15 hrs)\nLCK A320F\nLIM-TPP-LIM\nLA 2087 (14:10-15:35 hrs)\nLA 2088 (16:10-17:30 hrs)","Inicial G3","Blanco Recojo","LCK B767\n- LIM-MIA\n- LA 2480 (00:15-06:15 hrs)","PD\n- MIA-LIM\n- LA 2481 (15:55-21:40 hrs)","DO","DO","TALLER VOLUNTARIO SEG","Reentrenamiento A320F\nLIM-AQP-LIM\nLA 2123 (09:20-11:00 hrs)\nLA 2124 (11:35-13:10 hrs)\nLCK A320F\nLIM-PCL-LIM\nLA 2360 (14:05-15:20 hrs)\nLA 2361 (15:55-17:10 hrs)","RESERVA IET","Inicial G13","Inicial G13","DO","DO","LCK A320F\nLIM-AQP-LIM\nLA 2123 (09:20-11:00 hrs)\nLA 2124 (11:35-13:10 hrs)\nLCK A320F\nLIM-TPP-LIM\nLA 2087 (14:10-15:35 hrs)\nLA 2088 (16:10-17:30 hrs)","Inicial G2","HO FILE","Inicial G13","LCK B767\n- LIM-BOG\n- LA 2489 (13:00-16:15 hrs)\nLCK B767\n- BOG-LIM\n- LA 2488 (17:20-20:45 hrs)","DO"]},{"nombre":"Gabriela Ungaro","dias":["DO","HO FILE","DO","DO","RESERVA IET","Reva de Servicio\n(08:30-17:30 hrs)\nDÍA 1","RESERVA IET","DO","DO","DO","DO","LCK A320F\nLIM-AQP-LIM\nLA 2123 (09:20-11:00 hrs)\nLA 2124 (11:35-13:10 hrs)\nLCK A320F\nLIM-CUZ-LIM\nLA 2075 (14:25-15:50 hrs)\nLA 2076 (16:25-18:00 hrs)","Inicial G13","Inicial G2","ACT\nRRVV","CHEQUEO DGAC A320F\nLIM-AQP-LIM\nLA 2123 (09:20-11:00 hrs)\nLA 2124 (11:35-13:10 hrs)","DO","DO","TALLER VOLUNTARIO SEG","Inicial G2","Inicial G13","LCK A320F\nLIM-AQP-LIM\nLA 2123 (09:20-11:00 hrs)\nLA 2124 (11:35-13:10 hrs)\nLCK A320F\nLIM-TPP-LIM\nLA 2087 (14:10-15:35 hrs)\nLA 2088 (16:10-17:30 hrs)","Inicial G3","DO","DO","Recalificación A320F\nLIM-CUZ-LIM\nLA 2238 (10:15-11:40 hrs)\nLA 2239 (12:15-13:45 hrs)","LCK B767\n- LIM-MIA\n- LA 2698 (08:25-14:20 hrs)","Blanco","Reentrenamiento B767\n- MIA-LIM\n- LA 2699 (23:10-05:00 hrs)","LCK A320F\nLIM-PIU-LIM\nLA 2306 (09:35-11:20 hrs)\nLA 2307 (11:55-13:25 hrs)\nLCK A320F\nLIM-CIX-LIM\nLA 2312 (14:25-15:55 hrs)\nLA 2313 (16:35-18:00 hrs)","DO"],"bp":"3852423"},{"nombre":"Mariella Carrasco","dias":["DO","DO","DO","DO","Inicial G13","Inicial G13","Reva de Servicio\n(08:30-17:30 hrs)\nDÍA 2","RESERVA IET","RESERVA IET","DO","DO","LCK A320F\nLIM-CIX-LIM\nLA 2274 (09:40-11:10 hrs)\nLA 2275 (11:45-13:05 hrs)\nLCK A320F\nLIM-AQP-LIM\nLA 2115 (13:55-15:25 hrs)\nLA 2114 (16:00-17:35 hrs)","Inicial G13","Inicial G3","ACT\nRRVV","LCK ALUMNA","DO","DO","HO FILE","LCK B767\n- LIM-MIA\n- LA 2698 (08:25-14:20 hrs)","Blanco","Recalificación B767\n- MIA-LIM\n- LA 2699 (23:10-05:00 hrs)","RESERVA IET","DO","DO","HO FILE","Reva de Servicio\n(08:30-17:30 hrs)\nDÍA 1","Reva de Servicio\n(08:30-17:30 hrs)\nDÍA 2","Inicial G3","RESERVA IET","DO"],"bp":"2604360"},{"dias":["DO","Inicial G13","DO","DO","Reentrenamiento B767\n- LIM-MIA\n- LA 2694 (13:30-19:30 hrs)","Blanco","PD\n- MIA-LIM\n- LA 2699 (23:10-05:00 hrs)","DO","DO","DO","DO","RESERVA IET","Inicial G13","HAB B767","HAB B767","HAB B767","DO","DO","Inicial G13","RTI: VIRTUAL\nA320F / B767\n(08:30-17:30 hrs)\nINS TITULAR","Inicial G2","RTI: PRÁCTICA\nA320F / B767\n(08:30-17:30 hrs)\nINS TITULAR","Inicial G2","DO","DO","HANDS ON B767","HO FILE","RESERVA IET","RTI: PRÁCTICA\nA320F / B767\n(08:30-17:30 hrs)\nINS TITULAR","Inicial G3","DO"],"bp":"2823133","nombre":"Cesar Campos"},{"bp":"3189967","nombre":"Kevin Segovia","dias":["DO","HO FILE","DO","DO","LCK ALUMNO","RESERVA IET","RTI: VIRTUAL\nA320F / B767\n(08:30-17:30 hrs)\nINS CRM","DO","DO","DO","DO","RESERVA IET","CHEQUEO LATAM A320F\nLIM-TCQ-LIM\nLA 2245 (09:00-10:50 hrs)\nLA 2244 (11:25-13:15 hrs)","Inicial G13","Inicial G3","Inicial G3","DO","DO","RESERVA IET","Inicial G13","HAB B767","HAB B767","HAB B767","DO","DO","RESERVA IET","RESERVA IET","RESERVA IET","HO FILE","RESERVA IET","DO"]},{"dias":["DO","HO FILE","DO","DO","RESERVA IET","RESERVA IET","RTI: VIRTUAL\nA320F / B767\n(08:30-17:30 hrs)\nINS TITULAR","DO","DO","DO","DO","RESERVA IET","Reva de Servicio\n(08:30-17:30 hrs)\nDÍA 1","Reva de Servicio\n(08:30-17:30 hrs)\nDÍA 2","Reva de Servicio\n(08:30-17:30 hrs)\nDÍA 1","Reva de Servicio\n(08:30-17:30 hrs)\nDÍA 2","DO","DO","Inicial G13","Inicial G13","RESERVA IET","Reva de Servicio\n(08:30-17:30 hrs)\nDÍA 1","Reva de Servicio\n(08:30-17:30 hrs)\nDÍA 2","DO","DO","HAB B767","HAB B767","HAB B767","RTI: PRÁCTICA\nA320F / B767\n(08:30-17:30 hrs)\nINS APOYO","Inicial G13","DO"],"bp":"2415373","nombre":"Milagros Salas"},{"nombre":"Judith Fernandez","dias":["VACACIONES","VACACIONES","VACACIONES","VACACIONES","VACACIONES","VACACIONES","VACACIONES","DO","DO","DO","DO","RESERVA IET","RESERVA IET","RESERVA IET","RTI: PRÁCTICA\nA320F / B767 / B787\n(08:30-17:30 hrs)\nINS APOYO","RESERVA IET","DO","DO","Inicial G13","RTI: VIRTUAL\nA320F / B767\n(08:30-17:30 hrs)\nINS CRM","RESERVA IET","RTI: PRÁCTICA\nA320F / B767\n(08:30-17:30 hrs)\nINS APOYO","RESERVA IET","DO","DO","Inicial G2","RTI: VIRTUAL\nA320F / B767\n(08:30-17:30 hrs)\nINS CRM","Inicial G2","HO FILE","DO","DO"],"bp":"2440915"},{"bp":"3796947","dias":["SICK","SICK","SICK","SICK","SICK","CUMP","CUMP","SICK","SICK","SICK","SICK","SICK","SICK","SICK","SICK","SICK","SICK","SICK","SICK","SICK","SICK","SICK","SICK","SICK","SICK","SICK","SICK","SICK","SICK","SICK","SICK"],"nombre":"Rafael Nieto"},{"dias":["DO","RESERVA IET","DO","DO","RESERVA IET","RESERVA IET","RESERVA IET","DO","DO","DO","DO","RESERVA IET","RTI: VIRTUAL\nA320F / B767 / B787\n(08:30-17:30 hrs)\nINS CRM","Inicial G13","DO","VACACIONES","VACACIONES","VACACIONES","VACACIONES","VACACIONES","VACACIONES","VACACIONES","VACACIONES","DO","DO","Inicial G3","RTI: VIRTUAL\nA320F / B767\n(08:30-17:30 hrs)\nINS TITULAR","RESERVA IET","HO FILE","Inicial G2","DO"],"bp":"3841387","nombre":"Gianfranco Celiz"}]} | C2: 46296.54
A3: 2026-02 | B3: {"instructores":[{"dias":["FDS","Inicial G3","HO FILE","Inicial G3","Inicial G3","Inicial G2","FDS","FDS","TALLER 2026 - CONSTRUIR","HANDS ON\nB787","Inicial G4","LCK ALUMNA","REUNIÓN INSTRUCTORES\nTARDE","FDS","FDS","LCK B787\n- LIM-SCL\n- LA 2697 (09:35-13:00 hrs)\nLCK B787\n- SCL-LIM\n- LA 2696 (16:00-19:45 hrs)","RESERVA IET\nTARDE","RTI: PRÁCTICA\nA320F / B767 / B787\n(08:30-17:30 hrs)\nINS APOYO","Inicial G3","LCK B767\n- LIM-BOG\n- LA 2489 (13:00-16:15 hrs)\nLCK B767\n- BOG-LIM\n- LA 2488 (17:20-20:45 hrs)","FDS","FDS","LCK B767\n- LIM-MIA\n- LA 2694 (13:30-19:30 hrs)","Blanco","Chequeo DGAC B767\n- MIA-LIM\n- LA 2699 (23:10-05:00 hrs)","Inicial G2","Inicial G4","FDS"],"bp":"2713993","nombre":"Fiorella Ruiz"},{"bp":"2396710","dias":["FDS","LCK B767\n- LIM-MIA\n- LA 2694 (13:30-19:30 hrs)","Blanco","Chequeo LATAM B767\n- MIA-LIM\n- LA 2699 (23:10-05:00 hrs)","RTI: PRÁCTICA\nA320F / B767 / B787\n(08:30-17:30 hrs)\nINS TITULAR\nAPOYO TM","LCK A320F\nLIM-AQP-LIM\nLA 2119 (08:40-10:10 hrs)\nLA 2118 (10:45-12:10 hrs)\nLCK A320F\nLIM-PIU-LIM\nLA 2308 (13:10-14:50 hrs)\nLA 2309 (15:25-16:55 hrs)","FDS","FDS","TALLER 2026 - CONSTRUIR","LCK A320F\nLIM-CUZ-LIM\nLA 2232 (08:35-10:05 hrs)\nLA 2233 (10:40-12:15 hrs)\nLCK A320F\nLIM-CUZ-LIM\nLA 2075 (13:25-14:50 hrs)\nLA 2076 (15:25-16:45 hrs)","Blanco Recojo","LCK B767\n- LIM-MIA\n- LA 2480 (00:15-06:15 hrs)","Chequeo LATAM B767\n- MIA-LIM\n- LA 2481 (15:55-21:40 hrs)","FDS","FDS","PD\nLIM-CUZ-LIM\nLA 2232 (08:35-10:05 hrs)\nLA 2233 (10:40-12:15 hrs)\nReentrenamiento A320F\nLIM-CIX-LIM\nLA 2312 (13:25-14:50 hrs)\nLA 2313 (15:25-16:45 hrs)","Inicial G1","Inicial G4","LCK A320F\nLIM-AQP-LIM\nLA 2119 (08:40-10:10 hrs)\nLA 2118 (10:45-12:10 hrs)\nLCK A320F\nLIM-PIU-LIM\nLA 2308 (13:10-14:50 hrs)\nLA 2309 (15:25-16:55 hrs)","Chequeo BI Anual INST B767\n- LIM-BOG\n- LA 2489 (13:00-16:15 hrs)\nPD\n- BOG-LIM\n- LA 2488 (17:20-20:45 hrs)","FDS","FDS","LCK B767\n- LIM-MIA\n- LA 2698 (08:25-14:20 hrs)","Recalificación B767\n- MIA-LIM\n- LA 2481 (15:55-21:40 hrs)","HO FILE\nTARDE","LCK B787\n- LIM-SCL\n- LA 2697 (09:35-13:00 hrs)\nLCK B787\n- SCL-LIM\n- LA 2696 (16:00-19:45 hrs)","HO FILE\nTARDE","FDS"],"nombre":"Sebastian Correa"},{"dias":["FDS","RTI ALUMNO","RTI: VIRTUAL\nA320F / B767 / B787\n(08:30-17:30 hrs)\nINS TITULAR\n*Se habilita","RTI: PRÁCTICA\nA320F / B767 / B787\n(08:30-17:30 hrs)\nINS TITULAR\n*Se habilita","RTI: PRÁCTICA\nA320F / B767 / B787\n(08:30-17:30 hrs)\nINS TITULAR\n*Se habilita","RTI ALUMNO","FDS","FDS","TALLER 2026 - CONSTRUIR","HO FILE","RTI: PRÁCTICA\nA320F / B767 / B787\n(08:30-17:30 hrs)\nINS APOYO","LCK B787\n- LIM-SCL\n- LA 2697 (09:35-13:00 hrs)\nLCK B787\n- SCL-LIM\n- LA 2696 (16:00-19:45 hrs)","REUNIÓN INSTRUCTORES\nTARDE","FDS","FDS","Blanco Recojo","LCK B767\n- LIM-MIA\n- LA 2480 (00:15-06:15 hrs)","Chequeo LATAM B767\n- MIA-LIM\n- LA 2481 (15:55-21:40 hrs)","RESERVA IET\nTARDE","Chequeo BI Anual INST B767\n- LIM-BOG\n- LA 2489 (13:00-16:15 hrs)\nPD\n- BOG-LIM\n- LA 2488 (17:20-20:45 hrs)","FDS","FDS","VACACIONES","VACACIONES","VACACIONES","VACACIONES","VACACIONES","VACACIONES"],"nombre":"Christian Rondon","bp":"1271571"},{"nombre":"Karen Santa Cruz","dias":["DO","Blanco Recojo","LCK B767\n- LIM-MIA\n- LA 2480 (00:15-06:15 hrs)","Chequeo LATAM B767\n- MIA-LIM\n- LA 2481 (15:55-21:40 hrs)","RESERVA IET\nTARDE","Inicial G4","DO","DO","TALLER 2026 - CONSTRUIR","HO FILE","LCK A320F\nLIM-CUZ-LIM\nLA 2232 (08:35-10:05 hrs)\nLA 2233 (10:40-12:15 hrs)\nLCK A320F\nLIM-CIX-LIM\nLA 2312 (13:25-14:50 hrs)\nLA 2313 (15:30-16:50 hrs)","Inicial G1","Inicial G3","DO","DO","HABILITACIÓN A320","LCK B767\n- LIM-MIA\n- LA 2698 (08:25-14:20 hrs)","Blanco","Chequeo LATAM B767\n- MIA-LIM\n- LA 2699 (23:10-05:00 hrs)","Inicial G2","DO","DO","DO","DO","Inicial G2","Inicial G2","Inicial G2","DO"],"bp":"2843319"},{"dias":["DO","HO FILE","DITCHING TM\nINS","TALLER VOLUNTARIO","Inicial G13","Inicial G13","DO","DO","TALLER 2026 - CONSTRUIR","TALLER VOLUNTARIO","HABILITACIÓN A320","Inicial G4","REUNIÓN INSTRUCTORES","DO","DO","CURSO ESTANDARIZACIÓN","Blanco Recojo","LCK B767\n- LIM-MIA\n- LA 2480 (00:15-06:15 hrs)","PD\n- MIA-LIM\n- LA 2695 (16:20-22:00 hrs)","DO","DO","DO","DO","Inicial G3","Inicial G2","Inicial G2","LCK B767\n- LIM-BOG\n- LA 2489 (13:00-16:15 hrs)\nRecalificación B767\n- BOG-LIM\n- LA 2488 (17:20-20:45 hrs)","DO"],"nombre":"Jennifert Acurio","bp":"3779550"},{"dias":["DO","LCK A320F\nLIM-CUZ-LIM\nLA 2232 (08:35-10:05 hrs)\nLA 2233 (10:40-12:15 hrs)\nLCK A320F\nLIM-PIU-LIM\nLA 2308 (13:10-14:50 hrs)\nLA 2309 (15:25-16:55 hrs)","Inicial G13","HO FILE","DO","DO","DO","DO","TALLER 2026 - CONSTRUIR","LCK A320F\nLIM-AQP-LIM\nLA 2119 (08:40-10:10 hrs)\nLA 2118 (10:45-12:10 hrs)\nLCK A320F\nLIM-PIU-LIM\nLA 2308 (13:10-14:50 hrs)\nLA 2309 (15:25-16:55 hrs)","Inicial G3","LCK A320F\nLIM-AQP-LIM\nLA 2119 (08:40-10:10 hrs)\nLA 2118 (10:45-12:10 hrs)\nLCK A320F\nLIM-PIU-LIM\nLA 2308 (13:10-14:50 hrs)\nLA 2309 (15:25-16:55 hrs)","REUNIÓN INSTRUCTORES","DO","DO","HABILITACIÓN A320","Inicial G1","Blanco Recojo","LCK B767\n- LIM-MIA\n- LA 2480 (00:15-06:15 hrs)","Chequeo DGAC B767\n- MIA-LIM\n- LA 2481 (15:55-21:40 hrs)","DO","DO","Inicial G3","LCK A320F\nLIM-CUZ-LIM\nLA 2232 (08:35-10:05 hrs)\nLA 2233 (10:40-12:15 hrs)\nLCK A320F\nLIM-CUZ-LIM\nLA 2075 (13:25-14:50 hrs)\nLA 2076 (15:25-16:45 hrs)","Inicial G2","LCK B767\n- LIM-BOG\n- LA 2489 (13:00-16:15 hrs)\nChequeo DGAC B767\n- BOG-LIM\n- LA 2488 (17:20-20:45 hrs)","RESERVA IET\nTARDE","DO"],"nombre":"Jazmin Guerra","bp":"29530"},{"bp":"3217561","nombre":"Claudia Flores","dias":["DO","Inicial G2","LCK B767\n- LIM-MIA\n- LA 2698 (08:25-14:20 hrs)","Blanco","PD\n- MIA-LIM\n- LA 2699 (23:10-05:00 hrs)","HABILITACIÓN B787","DO","DO","TALLER 2026 - CONSTRUIR","LCK B767\n- LIM-MIA\n- LA 2698 (08:25-14:20 hrs)","Blanco","Chequeo LATAM B767\n- MIA-LIM\n- LA 2699 (23:10-05:00 hrs)","REUNIÓN INSTRUCTORES","DO","DO","Inicial G3","Situaciones de Emergencia A320F\nTripulación de Mando\nLP\n(08:30-17:30 hrs)","Inicial G1","Inicial G1","DO","DO","DO","DO","Reva de Servicio\n(08:30-17:30 hrs)\nDÍA 1","Reva de Servicio\n(08:30-17:30 hrs)\nDÍA 2","Inicial G2","HO FILE","DO"]},{"dias":["DO","AUDITORÍA\nNB\nIQT\n(Asignar vuelo)","Inicial G2","LCK A320F\nLIM-AQP-LIM\nLA 2119 (08:40-10:10 hrs)\nLA 2118 (10:45-12:10 hrs)\nLCK A320F\nLIM-CIX-LIM\nLA 2312 (13:25-14:50 hrs)\nLA 2313 (15:30-16:50 hrs)","Inicial G4","Chequeo INST. DGAC B787 \n- LIM-SCL\n- LA 2697 (09:35-13:00 hrs)\nPD\n- SCL-LIM\n- LA 2696 (16:00-19:45 hrs)","DO","DO","TALLER 2026 - CONSTRUIR","HABILITACIÓN A320","LCK A320F\nLIM-AQP-LIM\nLA 2119 (08:40-10:10 hrs)\nLA 2118 (10:45-12:10 hrs)\nLCK A320F\nLIM-PIU-LIM\nLA 2308 (13:10-14:50 hrs)\nLA 2309 (15:25-16:55 hrs)","RTI: PRÁCTICA\nA320F / B767 / B787\n(08:30-17:30 hrs)\nAPOYO TM","HO FILE","DO","DO","LCK A320F\nLIM-AQP-LIM\nLA 2119 (08:40-10:10 hrs)\nLA 2118 (10:45-12:10 hrs)\nLCK A320F\nLIM-PIU-LIM\nLA 2308 (13:10-14:50 hrs)\nLA 2309 (15:25-16:55 hrs)","Inicial G3","Inicial G1","LCK B767\n- LIM-BOG\n- LA 2489 (13:00-16:15 hrs)\nChequeo DGAC B767\n- BOG-LIM\n- LA 2488 (17:20-20:45 hrs)","DO","DO","DO","DO","Inicial G2","Inicial G2","Inicial G1","DO","DO"],"nombre":"Luis Bacigalupo","bp":"2963161"},{"dias":["VACACIONES","VACACIONES","VACACIONES","VACACIONES","VACACIONES","VACACIONES","VACACIONES","LP","LP","LP","LP","LP","LP","LP","LP","LP","LP","LP","LP","LP","LP","LP","LP","LP","LP","LP","LP","LP"],"bp":"71348","nombre":"Karla Moz"},{"dias":["VACACIONES","VACACIONES","VACACIONES","VACACIONES","VACACIONES","VACACIONES","VACACIONES","DO","TALLER 2026 - CONSTRUIR","RTI: VIRTUAL\nA320F / B767 / B787\n(08:30-17:30 hrs)\nINS TITULAR","RTI: PRÁCTICA\nA320F / B767 / B787\n(08:30-17:30 hrs)\nINS TITULAR","RTI: PRÁCTICA\nA320F / B767 / B787\n(08:30-17:30 hrs)\nINS TITULAR","Inicial G4","DO","DO","HO FILE","RTI: VIRTUAL\nA320F / B767 / B787\n(08:30-17:30 hrs)\nINS TITULAR","RTI: PRÁCTICA\nA320F / B767 / B787\n(08:30-17:30 hrs)\nINS TITULAR","RTI: PRÁCTICA\nA320F / B767 / B787\n(08:30-17:30 hrs)\nINS TITULAR","HABILITACIÓN B787","DO","DO","HABILITACIÓN B767","HABILITACIÓN B767","HABILITACIÓN B767","Reva de Servicio\n(08:30-17:30 hrs)\nDÍA 1","Reva de Servicio\n(08:30-17:30 hrs)\nDÍA 2","DO"],"nombre":"Erika Dávila","bp":"967092"},{"dias":["DO","LCK B767\n- LIM-MIA\n- LA 2698 (08:25-14:20 hrs)","PD\n- MIA-LIM\n- LA 2481 (15:55-21:40 hrs)","RESERVA IET\nTARDE","Inicial G2","Inicial G3","DO","DO","TALLER 2026 - CONSTRUIR","HO FILE","LCK ALUMNO","Inicial G1","Inicial G1","DO","DO","LCK B767\n- LIM-MIA\n- LA 2698 (08:25-14:20 hrs)","Chequeo LATAM B767\n- MIA-LIM\n- LA 2481 (15:55-21:40 hrs)","RESERVA IET\nTARDE","DO","DO","DO","DO","Blanco Recojo","LCK B767\n- LIM-MIA\n- LA 2480 (00:15-06:15 hrs)","Chequeo DGAC B767\n- MIA-LIM\n- LA 2481 (15:55-21:40 hrs)","RESERVA IET\nTARDE","Inicial G2","DO"],"bp":"2369641","nombre":"Elizabeth Torres"},{"nombre":"Patricia del Pilar Najar","bp":"2369624","dias":["DO","TTT RRVV\nALUMNO","Inicial G2","TALLER VOLUNTARIO","DO","DO","DO","DO","TALLER 2026 - CONSTRUIR","TALLER VOLUNTARIO","HO FILE","Inicial G3","Inicial G1","DO","DO","LCK B767\n- LIM-MIA\n- LA 2694 (13:30-19:30 hrs)","Blanco","PD\n- MIA-LIM\n- LA 2699 (23:10-05:00 hrs)","Inicial G1","Inicial G1","DO","DO","Inicial G4","LCK B767\n- LIM-MIA\n- LA 2698 (08:25-14:20 hrs)","Blanco","Chequeo DGAC B767\n- MIA-LIM\n- LA 2699 (23:10-05:00 hrs)","Inicial G2","DO"]},{"bp":"3134911","nombre":"Javier Zapata","dias":["DO","Inicial G13","Blanco Recojo","LCK B767\n- LIM-MIA\n- LA 2480 (00:15-06:15 hrs)","Chequeo DGAC B767\n- MIA-LIM\n- LA 2695 (16:20-22:00 hrs)","RESERVA IET\nTARDE","DO","DO","TALLER 2026 - CONSTRUIR","LCK A320F\nLIM-AQP-LIM\nLA 2123 (09:25-11:00 hrs)\nLA 2124 (11:35-13:10 hrs)\nLCK A320F\nLIM-PCL-LIM\nLA 2360 (14:05-15:20 hrs)\nLA 2361 (15:55-17:10 hrs)","Inicial G1","LCK A320F\nLIM-AQP-LIM\nLA 2123 (09:25-11:00 hrs)\nLA 2124 (11:35-13:10 hrs)\nLCK A320F\nLIM-TPP-LIM\nLA 2087 (14:10-15:35 hrs)\nLA 2088 (16:10-17:30 hrs)","LCK B767\n- LIM-BOG\n- LA 2489 (13:00-16:15 hrs)\nChequeo DGAC B767\n- BOG-LIM\n- LA 2488 (17:20-20:45 hrs)","DO","DO","Inicial G4","PD\nLIM-AQP-LIM\nLA 2119 (08:40-10:10 hrs)\nLA 2118 (10:45-12:10 hrs)\nLCK A320F\nLIM-PIU-LIM\nLA 2308 (13:10-14:50 hrs)\nLA 2309 (15:25-16:55 hrs)","Inicial G1","RTI: PRÁCTICA\nA320F / B767 / B787\n(08:30-17:30 hrs)\nAPOYO TM","Inicial G1","DO","DO","Inicial G2","HO FILE","DO","DO","DO","DO"]},{"nombre":"Jefferson Mendez","bp":"3750335","dias":["DO","HO FILE","LCK A320F\nLIM-CUZ-LIM\nLA 2232 (08:35-10:05 hrs)\nLA 2233 (10:40-12:15 hrs)\nLCK A320F\nLIM-PIU-LIM\nLA 2308 (13:10-14:50 hrs)\nLA 2309 (15:25-16:55 hrs)","Blanco Recojo","LCK B767\n- LIM-MIA\n- LA 2480 (00:15-06:15 hrs)","Chequeo DGAC B767\n- MIA-LIM\n- LA 2481 (15:55-21:40 hrs)","DO","DO","TALLER 2026 - CONSTRUIR","HABILITACIÓN A320\nASIGNAR VUELO LIM TPP\nWB","Situaciones de Emergencia B767\nTripulación de Mando\nLP\n(08:30-17:30 hrs)","LCK B767\n- LIM-BOG\n- LA 2489 (13:00-16:15 hrs)\nChequeo DGAC B767\n- BOG-LIM\n- LA 2488 (17:20-20:45 hrs)","REUNIÓN INSTRUCTORES\nTARDE","DO","DO","Ditching Presencial B767 + HANDS ON\nTripulación de Mando\nLP\n(08:30-17:30 hrs)","Inicial G1","LCK A320F\nLIM-AQP-LIM\nLA 2119 (08:40-10:10 hrs)\nLA 2118 (10:45-12:10 hrs)\nRecalificación A320F\nLIM-PIU-LIM\nLA 2308 (13:10-14:50 hrs)\nLA 2309 (15:25-16:55 hrs)","RESERVA IET","DO","DO","DO","DO","LCK A320F\nLIM-AQP-LIM\nLA 2119 (08:40-10:10 hrs)\nLA 2118 (10:45-12:10 hrs)\nPD\nLIM-PIU-LIM\nLA 2308 (13:10-14:50 hrs)\nLA 2309 (15:25-16:55 hrs)","REUNIÓN EMBAJADORES","LCK A320F\nLIM-AQP-LIM\nLA 2119 (08:40-10:10 hrs)\nLA 2118 (10:45-12:10 hrs)\nReentrenamiento A320F\nLIM-PIU-LIM\nLA 2308 (13:10-14:50 hrs)\nLA 2309 (15:25-16:55 hrs)","Inicial G2","DO"]},{"dias":["DO","Inicial G2","Inicial G1","Inicial G2","HO FILE","LCK B767\n- LIM-BOG\n- LA 2489 (13:00-16:15 hrs)\nLCK B767\n- BOG-LIM\n- LA 2488 (17:20-20:45 hrs)","DO","DO","TALLER 2026 - CONSTRUIR","Blanco Recojo","LCK B767\n- LIM-MIA\n- LA 2480 (00:15-06:15 hrs)","Habilitación B767\n- MIA-LIM\n- LA 2695 (16:20-22:00 hrs)","REUNIÓN INSTRUCTORES\nTARDE","DO","DO","Inicial G1","Reva de Servicio\n(08:30-17:30 hrs)\nDÍA 1","Reva de Servicio\n(08:30-17:30 hrs)\nDÍA 2","Inicial G2","DO","DO","DO","DO","Blanco Recojo","LCK B767\n- LIM-MIA\n- LA 2480 (00:15-06:15 hrs)","PD\n- MIA-LIM\n- LA 2695 (16:20-22:00 hrs)","RESERVA IET\nTARDE","DO"],"bp":"3852423","nombre":"Gabriela Ungaro"},{"bp":"2604360","nombre":"Mariella Carrasco","dias":["DO","HO FILE","Inicial G1","Inicial G13","LCK B767\n- LIM-BOG\n- LA 2489 (13:00-16:15 hrs)\nChequeo DGAC B767\n- BOG-LIM\n- LA 2488 (17:20-20:45 hrs)","DO","DO","VACACIONES","VACACIONES","VACACIONES","VACACIONES","VACACIONES","VACACIONES","VACACIONES","VACACIONES","VACACIONES","VACACIONES","Ditching Presencial A320F + HANDS ON\nTripulación de Mando\nLP\n(08:30-17:30 hrs)","Reva de Servicio\n(08:30-17:30 hrs)\nDÍA 1","Reva de Servicio\n(08:30-17:30 hrs)\nDÍA 2","DO","DO","Inicial G2","RTI: VIRTUAL\nA320F / B767\n(08:30-17:30 hrs)\nINS CRM","Blanco Recojo","LCK B767\n- LIM-MIA\n- LA 2480 (00:15-06:15 hrs)","Chequeo DGAC B767\n- MIA-LIM\n- LA 2481 (15:55-21:40 hrs)","DO"]},{"nombre":"Cesar Campos","dias":["DO","TTT RRVV\nINS","RTI: VIRTUAL\nA320F / B767 / B787\n(08:30-17:30 hrs)\nINS CRM","Inicial G2","RTI: PRÁCTICA\nA320F / B767 / B787\n(08:30-17:30 hrs)\nINS APOYO","Inicial G2","DO","DO","TALLER 2026 - CONSTRUIR","Inicial G4","Inicial G1","Reva de Servicio\n(08:30-17:30 hrs)\nDÍA 1","Reva de Servicio\n(08:30-17:30 hrs)\nDÍA 2","DO","DO","Inicial G1","HABILITACIÓN A320","Inicial G2","HO FILE","DO","DO","DO","DO","Inicial G2","RTI: VIRTUAL\nA320F / B767\n(08:30-17:30 hrs)\nINS CRM","DESAYUNO SAB\nMT","RTI: PRÁCTICA\nA320F / B767\n(08:30-17:30 hrs)\nINS APOYO","DO"],"bp":"2823133"},{"dias":["DO","Inicial G1","Reva de Servicio\n(08:30-17:30 hrs)\nDÍA 1","Reva de Servicio\n(08:30-17:30 hrs)\nDÍA 2","Inicial G2","HO FILE","DO","DO","TALLER 2026 - CONSTRUIR","RTI: VIRTUAL\nA320F / B767 / B787\n(08:30-17:30 hrs)\nINS CRM","Inicial G1","RTI: PRÁCTICA\nA320F / B767 / B787\n(08:30-17:30 hrs)\nINS APOYO","Inicial G1","DO","DO","Chequeo LATAM y Reentrenamiento B767\n- LIM-MIA\n- LA 2698 (08:25-14:20 hrs)","Reentrenamiento B767\n- MIA-LIM\n- LA 2481 (15:55-21:40 hrs)","RESERVA IET\nTARDE","Inicial G2","DO","DO","DO","DO","RTI: VIRTUAL\nA320F / B767\n(08:30-17:30 hrs)\nINS TITULAR","REUNIÓN EMBAJADORES","Inicial G4","Inicial G3","DO"],"nombre":"Kevin Segovia","bp":"3189967"},{"dias":["DO","Inicial G1","DITCHING TM\nTC","HO FILE","DO","DO","DO","DO","TALLER 2026 - CONSTRUIR","Reva de Servicio\n(08:30-17:30 hrs)\nDÍA 1","Reva de Servicio\n(08:30-17:30 hrs)\nDÍA 2","Inicial G1","Curso HB6","DO","DO","Inicial G1","RTI: VIRTUAL\nA320F / B767 / B787\n(08:30-17:30 hrs)\nINS CRM","Inicial G2","RTI: PRÁCTICA\nA320F / B767 / B787\n(08:30-17:30 hrs)\nINS APOYO","Inicial G2","DO","DO","Chequeo LATAM B767\n- LIM-MIA\n- LA 2698 (08:25-14:20 hrs)","Chequeo LATAM B767\n- MIA-LIM\n- LA 2481 (15:55-21:40 hrs)","RESERVA IET\nTARDE","RTI: PRÁCTICA\nA320F / B767\n(08:30-17:30 hrs)\nINS APOYO","Inicial G1","DO"],"bp":"2415373","nombre":"Milagros Salas"},{"dias":["VACACIONES","VACACIONES","VACACIONES","VACACIONES","VACACIONES","VACACIONES","VACACIONES","VACACIONES","VACACIONES","VACACIONES","VACACIONES","VACACIONES","VACACIONES","VACACIONES","DO","HABILITACIÓN B767","HABILITACIÓN B767","HABILITACIÓN B767","HABILITACIÓN A320","Inicial G2","DO","DO","Inicial G2","HO FILE","Inicial G1","RTI: PRÁCTICA\nA320F / B767\n(08:30-17:30 hrs)\nINS TITULAR","RESERVA IET","DO"],"nombre":"Judith Fernandez","bp":"2440915"},{"dias":["SICK","SICK","SICK","SICK","SICK","SICK","SICK","SICK","SICK","SICK","SICK","SICK","SICK","SICK","SICK","SICK","SICK","SICK","SICK","SICK","SICK","SICK","SICK","SICK","SICK","SICK","SICK","SICK"],"bp":"3796947","nombre":"Rafael Nieto"},{"nombre":"Gianfranco Celiz","dias":["DO","Chequeo LATAM B767\n- LIM-MIA\n- LA 2698 (08:25-14:20 hrs)","Chequeo LATAM B767\n- MIA-LIM\n- LA 2481 (15:55-21:40 hrs)","RESERVA IET\nTARDE","Reva de Servicio\n(08:30-17:30 hrs)\nDÍA 1","Reva de Servicio\n(08:30-17:30 hrs)\nDÍA 2","DO","DO","TALLER 2026 - CONSTRUIR","Inicial G3","Curso HB6","Curso HB6","Curso HB6","DO","DO","HABILITACIÓN B767","HABILITACIÓN B767","HABILITACIÓN B767","DESAYUNO SAB\nMT","HO FILE","DO","DO","DO","DO","RTI: VIRTUAL\nA320F / B767\n(08:30-17:30 hrs)\nINS TITULAR","Inicial G3","RTI: PRÁCTICA\nA320F / B767\n(08:30-17:30 hrs)\nINS TITULAR","DO"],"bp":"3841387"}],"mes":"2026-02","hoja":"FEBRERO","fuente":"10 - Rol_Instructores_LP_OCTUBRE_1.xlsx"} | C3: 46296.54
A4: 2026-03 | B4: {"hoja":"MARZO","mes":"2026-03","instructores":[{"nombre":"Fiorella Ruiz","bp":"2713993","dias":["FDS","HO FILE","PD\n- LIM-ATL\n- LA 2482 (12:15-19:35 hrs)","Blanco","LCK B767\n- ATL-LIM\n- LA 2483 (22:15-05:00 hrs)","RENOVACIÓN INS A320F\nLIM-PIU-LIM\nLA 2306 (09:35-11:20 hrs)\nLA 2307 (11:55-13:25 hrs)","FDS","FDS","PREPARACIÓN\nAUDITORÍA\nPRE IOSA","PREPARACIÓN\nAUDITORÍA\nPRE IOSA","DO","RECURRENTE AUDITOR 2026","RECURRENTE AUDITOR 2026","RECURRENTE AUDITOR 2026","FDS","HANDS ON B767","RESERVA IET","Reentrenamiento B767\n- LIM-MIA\n- LA 2694 (13:30-19:25 hrs)","LCK B767\n- MIA-LIM\n- LA 2695 (16:55-22:40 hrs)","RESERVA IET\nTARDE","FDS","FDS","VACACIONES","VACACIONES","VACACIONES","VACACIONES","VACACIONES","FDS","FDS","TTT REVA DE SERVICIOS","TTT REVA DE SERVICIOS"]},{"nombre":"Sebastian Correa","dias":["FDS","LCK B767\n- LIM-MIA\n- LA 2698 (08:25-14:20 hrs)","Habilitación B767\n- MIA-LIM\n- LA 2695 (16:45-22:40 hrs)","RESERVA IET\nTARDE","Recalificación A320F\nLIM-CUZ-LIM\nLA 2232 (08:35-10:05 hrs)\nLA 2233 (10:40-12:15 hrs)\nLCK A320F\nLIM-PIU-LIM\nLA 2308 (13:10-14:50 hrs)\nLA 2309 (15:25-16:55 hrs)","RESERVA IET","FDS","FDS","CUMP","LCK A320F\nLIM-CUZ-LIM\nLA 2232 (08:35-10:05 hrs)\nLA 2233 (10:40-12:15 hrs)\nLCK A320F\nLIM-PIU-LIM\nLA 2308 (13:10-14:50 hrs)\nLA 2309 (15:25-16:55 hrs)","Reva de Servicio\n(08:30-17:30 hrs)\nDÍA 1","Reva de Servicio\n(08:30-17:30 hrs)\nDÍA 2","REUNIÓN INSTRUCTORES","FDS","FDS","HO FILE","LCK A320F\nLIM-CUZ-LIM\nLA 2232 (08:35-10:05 hrs)\nLA 2233 (10:40-12:15 hrs)\nLCK A320F\nLIM-PIU-LIM\nLA 2308 (13:10-14:50 hrs)\nLA 2309 (15:25-16:55 hrs)","HANDS ON B767","Reentrenamiento A320F\nLIM-CUZ-LIM\nLA 2266 (11:15-12:40 hrs)\nLA 2267 (13:15-14:50 hrs)","LCK A320F\nLIM-CUZ-LIM\nLA 2232 (08:35-10:05 hrs)\nLA 2233 (10:40-12:15 hrs)\nLCK A320F\nLIM-PIU-LIM\nLA 2308 (13:10-14:50 hrs)\nLA 2309 (15:25-16:55 hrs)","FDS","FDS","PD\n- LIM-ATL\n- LA 2482 (12:15-19:35 hrs)","Blanco","LCK B767\n- ATL-LIM\n- LA 2483 (22:15-05:00 hrs)","RTI: PRÁCTICA\nA320F / B767 / B787\n(08:30-17:30 hrs)\nINS APOYO","Inicial G3","FDS","FDS","Inicial G3","Inicial G3"],"bp":"2396710"},{"dias":["VACACIONES","HO FILE","LCK A320F\nLIM-CUZ-LIM\nLA 2232 (08:35-10:05 hrs)\nLA 2233 (10:40-12:15 hrs)\nLCK A320F\nLIM-PIU-LIM\nLA 2308 (13:10-14:50 hrs)\nLA 2309 (15:25-16:55 hrs)","RESERVA IET","Reva de Servicio\n(08:30-17:30 hrs)\nDÍA 1","Reva de Servicio\n(08:30-17:30 hrs)\nDÍA 2","FDS","FDS","LCK A320F\nLIM-AQP-LIM\nLA 2123 (09:20-11:00 hrs)\nLA 2124 (11:35-13:10 hrs)\nLCK A320F\nLIM-TPP-LIM\nLA 2087 (14:10-15:35 hrs)\nLA 2088 (16:10-17:30 hrs)","Reva de Servicio\n(08:30-17:30 hrs)\nDÍA 1","Reva de Servicio\n(08:30-17:30 hrs)\nDÍA 2","LCK A320F\nLIM-AQP-LIM\nLA 2123 (09:20-11:00 hrs)\nLA 2124 (11:35-13:10 hrs)\nLCK A320F\nLIM-TPP-LIM\nLA 2087 (14:10-15:35 hrs)\nLA 2088 (16:10-17:30 hrs)","REUNIÓN INSTRUCTORES","FDS","FDS","LCK A320F\nLIM-CUZ-LIM\nLA 2232 (08:35-10:05 hrs)\nLA 2233 (10:40-12:15 hrs)\nLCK A320F\nLIM-CIX-LIM\nLA 2312 (13:25-14:50 hrs)\nLA 2313 (15:25-16:45 hrs)","Reva de Servicio\n(08:30-17:30 hrs)\nDÍA 1","Reva de Servicio\n(08:30-17:30 hrs)\nDÍA 2","HANDS ON B767","LCK B787\n- LIM-SCL\n- LA 2697 (09:35-13:00 hrs)\nLCK B787\n- SCL-LIM\n- LA 2696 (16:00-19:45 hrs)","FDS","FDS","HO FILE","LCK A320F\nLIM-CUZ-LIM\nLA 2232 (08:35-10:05 hrs)\nLA 2233 (10:40-12:15 hrs)\nLCK A320F\nLIM-PIU-LIM\nLA 2308 (13:10-14:50 hrs)\nLA 2309 (15:25-16:55 hrs)","Inicial G3","Inicial G3","LCK A320F\nLIM-CUZ-LIM\nLA 2537 (09:15-10:50 hrs)\nLA 2008 (11:25-12:55 hrs)\nLCK A320F\nLIM-AQP-LIM\nLA 2115 (13:55-15:25 hrs)\nLA 2114 (16:00-17:35 hrs)","FDS","FDS","PD\n- LIM-ATL\n- LA 2482 (12:15-19:35 hrs)","Blanco"],"bp":"1271571","nombre":"Christian Rondon"},{"bp":"2843319","dias":["DO","HO FILE","RESERVA IET","HANDS ON B767","HABILITACIÓN B787","RESERVA IET\nTARDE","DO","DO","PREPARACIÓN\nAUDITORÍA\nPRE IOSA","PD\n- LIM-ATL\n- LA 2482 (12:15-19:35 hrs)","Blanco","LCK B767\n- ATL-LIM\n- LA 2483 (22:15-05:00 hrs)","REUNIÓN INSTRUCTORES","DO","DO","DO","DO","LCK ALUMNO","LCK ALUMNO","RESERVA IET\nTARDE","DO","DO","HANDS ON B767","Reva de Servicio\n(08:30-17:30 hrs)\nDÍA 1","Reva de Servicio\n(08:30-17:30 hrs)\nDÍA 2","Inicial G3","Inicial G3","DO","DO","TTT REVA DE SERVICIOS","TTT REVA DE SERVICIOS"],"nombre":"Karen Santa Cruz"},{"nombre":"Jennifert Acurio","dias":["DO","HO FILE","Reva de Servicio\n(08:30-17:30 hrs)\nDÍA 1","Reva de Servicio\n(08:30-17:30 hrs)\nDÍA 2","HANDS ON B767","DO","DO","DO","DO","LCK B767\n- LIM-MIA\n- LA 2698 (08:25-14:20 hrs)","PD\n- MIA-LIM\n- LA 2481 (15:55-21:40 hrs)","RESERVA IET\nTARDE","REUNIÓN INSTRUCTORES","DO","DO","Reentrenamiento A320F\nLIM-AQP-LIM\nLA 2109 (10:30-12:00 hrs)\nLA 2108 (12:40-14:15 hrs)","RESERVA IET","Habilitación B767\n- LIM-ATL\n- LA 2482 (12:15-19:35 hrs)","Blanco","LCK B767\n- ATL-LIM\n- LA 2483 (22:15-05:00 hrs)","DO","DO","LCK A320F\nLIM-CUZ-LIM\nLA 2232 (08:35-10:05 hrs)\nLA 2233 (10:40-12:15 hrs)\nLCK A320F\nLIM-CIX-LIM\nLA 2312 (13:25-14:50 hrs)\nLA 2313 (15:25-16:45 hrs)","Inicial G5","HANDS ON B767","LCK A320F\nLIM-CUZ-LIM\nLA 2232 (08:35-10:05 hrs)\nLA 2233 (10:40-12:15 hrs)\nLCK A320F\nLIM-CIX-LIM\nLA 2312 (13:25-14:50 hrs)\nLA 2313 (15:30-16:50 hrs)","RESERVA IET","DO","DO","HANDS ON B767","LCK B767\n- LIM-MIA\n- LA 2698 (08:15-14:20 hrs)"],"bp":"3779550"},{"dias":["DO","PD\n- LIM-MIA\n- LA 2694 (13:30-19:25 hrs)","Blanco","LCK B767\n- MIA-LIM\n- LA 2699 (23:10-05:00 hrs)","RTI: PRÁCTICA\nA320F / B767\n(08:30-17:30 hrs)\nINS APOYO TM","DO","DO","DO","DO","Inicial G2","LCK A320F\nLIM-CUZ-LIM\nLA 2232 (08:35-10:05 hrs)\nLA 2233 (10:40-12:15 hrs)\nLCK A320F\nLIM-PIU-LIM\nLA 2308 (13:10-14:50 hrs)\nLA 2309 (15:25-16:55 hrs)","Curso 50%","Inicial G4","DO","DO","LCK A320F\nLIM-AQP-LIM\nLA 2123 (09:20-11:00 hrs)\nLA 2124 (11:35-13:10 hrs)\nLCK A320F\nLIM-CUZ-LIM\nLA 2075 (14:25-15:55 hrs)\nLA 2076 (16:30-18:00 hrs)","HO FILE","LCK A320F\nLIM-CUZ-LIM\nLA 2232 (08:35-10:05 hrs)\nLA 2233 (10:40-12:15 hrs)\nLCK A320F\nLIM-CIX-LIM\nLA 2312 (13:25-14:50 hrs)\nLA 2313 (15:30-16:50 hrs)","Reva de Servicio\n(08:30-17:30 hrs)\nDÍA 1","Reva de Servicio\n(08:30-17:30 hrs)\nDÍA 2","DO","DO","LCK A320F\nLIM-AQP-LIM\nLA 2123 (09:20-11:00 hrs)\nLA 2124 (11:35-13:10 hrs)\nLCK A320F\nLIM-TPP-LIM\nLA 2087 (14:10-15:35 hrs)\nLA 2088 (16:10-17:30 hrs)","REU EMBAJADORES","PD\n- LIM-MIA\n- LA 2694 (13:30-19:25 hrs)","LCK B767\n- MIA-LIM\n- LA 2695 (16:55-22:40 hrs)","RESERVA IET\nTARDE","DO","DO","HABILITACIÓN B787","RESERVA IET\nTARDE"],"bp":"29530","nombre":"Jazmin Guerra"},{"bp":"3217561","nombre":"Claudia Flores","dias":["DO","Curso 50%","Curso 50%","Curso 50%","Curso 50%","Curso 50%","DO","DO","LCK B767\n- LIM-MIA\n- LA 2698 (08:25-14:20 hrs)","PD\n- MIA-LIM\n- LA 2695 (16:55-22:40 hrs)","RESERVA IET\nTARDE","DO","DO","DO","DO","PD\n- LIM-ATL\n- LA 2482 (12:15-19:35 hrs)","Blanco","LCK B767\n- ATL-LIM\n- LA 2483 (22:15-05:00 hrs)","PREPARACIÓN\nAUDITORÍA\nPRE IOSA","PREPARACIÓN\nAUDITORÍA\nPRE IOSA","DO","DO","HO FILE","REU EMBAJADORES","Inicial G3","Inicial G3","Inicial G4","DO","DO","Inicial G3","Inicial G3"]},{"dias":["VACACIONES","VACACIONES","VACACIONES","VACACIONES","VACACIONES","VACACIONES","VACACIONES","DO","HABILITACIÓN B787","RESERVA IET\nTARDE","Reentrenamiento B767\n- LIM-MIA\n- LA 2694 (13:30-19:25 hrs)","LCK B767\n- MIA-LIM\n- LA 2695 (16:55-22:40 hrs)","REUNIÓN INSTRUCTORES\nTARDE","DO","DO","PD\n- LIM-MIA\n- LA 2694 (13:30-19:25 hrs)","Blanco","LCK B767\n- MIA-LIM\n- LA 2699 (23:10-05:00 hrs)","PREPARACIÓN\nAUDITORÍA\nPRE IOSA","PREPARACIÓN\nAUDITORÍA\nPRE IOSA","DO","DO","HO FILE","PD\n- LIM-ATL\n- LA 2482 (12:15-19:35 hrs)","Blanco","LCK B767\n- ATL-LIM\n- LA 2483 (22:15-05:00 hrs)","Inicial G3","DO","DO","CRM REFRESCO IDE","RESERVA IET"],"bp":"2963161","nombre":"Luis Bacigalupo"},{"bp":"71348","dias":["LP","LP","LP","LP","LP","LP","LP","LP","LP","LP","LP","LP","LP","LP","LP","LP","LP","LP","LP","LP","LP","LP","LP","LP","LP","LP","LP","LP","LP","LP","LP"],"nombre":"Karla Moz"},{"bp":"967092","nombre":"Erika Dávila","dias":["DO","HABILITACIÓN A320F","HO FILE","Inicial G4","Inicial G4","RESERVA IET","DO","DO","HANDS ON B787","Curso 50%","Inicial G4","RTI: PRÁCTICA\nA320F / B767\n(08:30-17:30 hrs)\nINS APOYO TM","REUNIÓN INSTRUCTORES","DO","DO","TALLER VOLUNTARIO DE SEGURIDAD","HANDS ON B787","HANDS ON B787","RTI: PRÁCTICA\nA320F / B767\n(08:30-17:30 hrs)\nINS APOYO TM","RTI: PRÁCTICA\nA320F / B767\n(08:30-17:30 hrs)\nINS APOYO TM","DO","DO","Inicial G4","RTI: VIRTUAL\nA320F / B767 / B787\n(08:30-17:30 hrs)","RTI: PRÁCTICA\nA320F / B767 / B787\n(08:30-17:30 hrs)","RTI: PRÁCTICA\nA320F / B767 / B787\n(08:30-17:30 hrs)","DO","DO","DO","DO","HANDS ON B767"]},{"nombre":"Elizabeth Torres","dias":["DO","HO FILE","RESERVA IET","LCK A320F\nLIM-CUZ-LIM\nLA 2232 (08:35-10:05 hrs)\nLA 2233 (10:40-12:15 hrs)\nLCK A320F\nLIM-CIX-LIM\nLA 2312 (13:25-14:50 hrs)\nLA 2313 (15:30-16:50 hrs)","Inicial G3","Inicial G4","DO","DO","Inicial G4","Inicial G4","PD\n- LIM-ATL\n- LA 2482 (12:15-19:35 hrs)","Blanco","LCK B767\n- ATL-LIM\n- LA 2483 (22:15-05:00 hrs)","DO","DO","CRM REFRESCO IDE","RESERVA IET","Inicial G5","Inicial G4","Inicial G4","DO","DO","Inicial G5","Inicial G4","Inicial G3","Recalificación A320F\nLIM-PIU-LIM\nLA 2306 (09:35-11:20 hrs)\nLA 2307 (11:55-13:25 hrs)","DO","DO","DO","DO","Reva de Servicio\n(08:30-17:30 hrs)\nDÍA 1"],"bp":"2369641"},{"nombre":"Patricia Najar","bp":"2369624","dias":["DO","HO FILE","Inicial G4","PD\n- LIM-ATL\n- LA 2482 (12:15-19:35 hrs)","Blanco","LCK B767\n- ATL-LIM\n- LA 2483 (22:15-05:00 hrs)","DO","DO","PREPARACIÓN\nAUDITORÍA\nPRE IOSA","PREPARACIÓN\nAUDITORÍA\nPRE IOSA","DO","RECURRENTE AUDITOR 2026","RECURRENTE AUDITOR 2026","RECURRENTE AUDITOR 2026","DO","CRM REFRESCO IDE","LCK A320F\nLIM-AQP-LIM\nLA 2123 (09:20-11:00 hrs)\nLA 2124 (11:35-13:10 hrs)\nLCK A320F\nLIM-PCL-LIM\nLA 2360 (14:05-15:20 hrs)\nLA 2361 (16:00-17:10 hrs)","Inicial G4","LCK A320F\nLIM-TCQ-LIM\nLA 2245 (09:00-10:50 hrs)\nLA 2244 (11:25-13:15 hrs)\nLCK A320F\nLIM-TPP-LIM\nLA 2087 (14:10-15:35 hrs)\nLA 2088 (16:10-17:30 hrs)","HABILITACIÓN A320F","DO","DO","LCK B767\n- LIM-MIA\n- LA 2698 (08:25-14:20 hrs)","Recalificación B767\n- MIA-LIM\n- LA 2695 (16:55-22:40 hrs)","RESERVA IET\nTARDE","DO","DO","DO","DO","Inicial G5","RESERVA IET"]},{"dias":["VACACIONES","VACACIONES","VACACIONES","VACACIONES","VACACIONES","VACACIONES","VACACIONES","VACACIONES","VACACIONES","VACACIONES","VACACIONES","VACACIONES","VACACIONES","VACACIONES","VACACIONES","VACACIONES","VACACIONES","VACACIONES","VACACIONES","VACACIONES","VACACIONES","VACACIONES","VACACIONES","HABILITACIÓN A320F","PD\n- LIM-ATL\n- LA 2482 (12:15-19:35 hrs)","Blanco","LCK B767\n- ATL-LIM\n- LA 2483 (22:15-05:00 hrs)","DO","DO","LCK B767\n- LIM-MIA\n- LA 2698 (08:15-14:20 hrs)","PD\n- MIA-LIM\n- LA 2695 (16:10-22:00 hrs)"],"nombre":"Javier Zapata","bp":"3134911"},{"dias":["DO","PD\n- LIM-ATL\n- LA 2482 (12:15-19:35 hrs)","Blanco","LCK B767\n- ATL-LIM\n- LA 2483 (22:15-05:00 hrs)","Inicial G3","HANDS ON B767","DO","DO","PD\n- LIM-MIA\n- LA 2694 (13:30-19:25 hrs)","Blanco","LCK B767\n- MIA-LIM\n- LA 2699 (23:10-05:00 hrs)","DESAYUNO SAB","REUNIÓN INSTRUCTORES","DO","DO","LCK B767\n- LIM-MIA\n- LA 2698 (08:25-14:20 hrs)","Reentrenamiento B767\n- MIA-LIM\n- LA 2695 (16:55-22:40 hrs)","RESERVA IET\nTARDE","DO","DO","DO","DO","HO FILE","CUMP","CUMP","Inicial G4","Inicial G4","DO","DO","CRM REFRESCO IDE","RESERVA IET"],"bp":"3750335","nombre":"Jefferson Mendez"},{"nombre":"Gabriela Ungaro","bp":"3852423","dias":["DO","Inicial G4","LCK B767\n- LIM-MIA\n- LA 2698 (08:25-14:20 hrs)","Chequeo DGAC\n- MIA-LIM\n- LA 2481 (15:55-21:40 hrs)","RESERVA IET\nTARDE","LCK A320F\nLIM-CUZ-LIM\nLA 2232 (08:35-10:05 hrs)\nLA 2233 (10:40-12:15 hrs)\nLCK A320F\nLIM-PIU-LIM\nLA 2308 (13:10-14:50 hrs)\nLA 2309 (15:25-16:55 hrs)","DO","DO","PD\n- LIM-ATL\n- LA 2482 (12:15-19:35 hrs)","Blanco","LCK B767\n- ATL-LIM\n- LA 2483 (22:15-05:00 hrs)","LCK A320F\nLIM-CUZ-LIM\nLA 2232 (08:35-10:05 hrs)\nLA 2233 (10:40-12:15 hrs)\nLCK A320F\nLIM-PIU-LIM\nLA 2308 (13:10-14:50 hrs)\nLA 2309 (15:25-16:55 hrs)","REUNIÓN INSTRUCTORES","DO","DO","HO FILE","LCK B767\n- LIM-MIA\n- LA 2698 (08:25-14:20 hrs)","Chequeo DGAC\n- MIA-LIM\n- LA 2481 (15:55-21:40 hrs)","RESERVA IET\nTARDE","HABILITACIÓN A320F","DO","DO","RESERVA IET","VACACIONES","VACACIONES","VACACIONES","VACACIONES","VACACIONES","VACACIONES","VACACIONES","VACACIONES"]},{"dias":["DO","Inicial G3","Inicial G3","PD\n- LIM-MIA\n- LA 2694 (13:30-19:25 hrs)","LCK B767\n- MIA-LIM\n- LA 2695 (16:55-22:40 hrs)","RESERVA IET\nTARDE","DO","DO","PREPARACIÓN\nAUDITORÍA\nPRE IOSA","PREPARACIÓN\nAUDITORÍA\nPRE IOSA","DO","RECURRENTE AUDITOR 2026","RECURRENTE AUDITOR 2026","RECURRENTE AUDITOR 2026","DO","HO FILE","PD\n- LIM-ATL\n- LA 2482 (12:15-19:35 hrs)","Blanco","LCK B767\n- ATL-LIM\n- LA 2483 (22:15-05:00 hrs)","Inicial G3","DO","DO","TALLER VOLUNTARIO DE SEGURIDAD","LCK B767\n- LIM-MIA\n- LA 2698 (08:25-14:20 hrs)","Chequeo DGAC\n- MIA-LIM\n- LA 2481 (15:55-21:40 hrs)","RESERVA IET\nTARDE","DO","DO","DO","DO","HAB A320F"],"nombre":"Mariella Carrasco","bp":"2604360"},{"dias":["DO","Inicial G3","RTI: VIRTUAL\nA320F / B767\n(08:30-17:30 hrs)\nINS TITULAR","Inicial G3","RTI: PRÁCTICA\nA320F / B767\n(08:30-17:30 hrs)\nINS TITULAR","Inicial G3","DO","DO","Inicial G3","RTI: VIRTUAL\nA320F / B767\n(08:30-17:30 hrs)\nINS TITULAR","Curso 50%","RTI: PRÁCTICA\nA320F / B767\n(08:30-17:30 hrs)\nINS TITULAR","REUNIÓN INSTRUCTORES","DO","DO","HO FILE","RTI: VIRTUAL\nA320F / B767\n(08:30-17:30 hrs)\nINS TITULAR","Inicial G3","RTI: PRÁCTICA\nA320F / B767\n(08:30-17:30 hrs)\nINS TITULAR","Inicial G3","DO","DO","Inicial G3","Inicial G3","HANDS ON B767 \nALUMNO","DO","DO","DO","DO","LCK ALUMNO","LCK ALUMNO"],"bp":"2823133","nombre":"Cesar Campos"},{"dias":["DO","Inicial G2","RTI: VIRTUAL\nA320F / B767\n(08:30-17:30 hrs)\nINS CRM","Inicial G3","RTI: PRÁCTICA\nA320F / B767\n(08:30-17:30 hrs)\nINS APOYO","Inicial G3","DO","DO","Inicial G3","RTI: VIRTUAL\nA320F / B767\n(08:30-17:30 hrs)\nINS CRM","HO FILE","RTI: PRÁCTICA\nA320F / B767\n(08:30-17:30 hrs)\nINS APOYO","REUNIÓN INSTRUCTORES","DO","DO","HANDS ON B767 \nALUMNO","RTI: VIRTUAL\nA320F / B767\n(08:30-17:30 hrs)\nINS CRM","Inicial G3","RTI: PRÁCTICA\nA320F / B767\n(08:30-17:30 hrs)\nINS APOYO","Inicial G3","DO","DO","Inicial G3","LCK ALUMNO","LCK ALUMNO","RESERVA IET\nTARDE","DO","DO","DO","DO","HAB A320F"],"nombre":"Kevin Segovia","bp":"3189967"},{"nombre":"Milagros Salas","dias":["DO","HO FILE","Inicial G2","Inicial G1","DO","DO","DO","DO","Inicial G2","Inicial G3","RESERVA IET","HABILITACIÓN A320F","REUNIÓN INSTRUCTORES","DO","DO","TALLER VOLUNTARIO DE SEGURIDAD","Inicial G5","RTI: VIRTUAL\nA320F / B767\n(08:30-17:30 hrs)\nINS TITULAR","Inicial G3","RTI: PRÁCTICA\nA320F / B767\n(08:30-17:30 hrs)\nINS TITULAR","DO","DO","Inicial G3","Inicial G3","Inicial G5","Inicial G5","Inicial G5","DO","DO","Inicial G4","Inicial G4"],"bp":"2415373"},{"dias":["DO","HO FILE","Inicial G1","Inicial G2","Inicial G1","Inicial G2","DO","DO","LCK ALUMNO","LCK ALUMNO","LCK ALUMNO","Reva de Servicio\n(08:30-17:30 hrs)\nDÍA 1","Reva de Servicio\n(08:30-17:30 hrs)\nDÍA 2","DO","DO","Inicial G5","Inicial G4","RTI: VIRTUAL\nA320F / B767\n(08:30-17:30 hrs)\nINS CRM","Inicial G3","RTI: PRÁCTICA\nA320F / B767\n(08:30-17:30 hrs)\nINS APOYO","DO","DO","TALLER VOLUNTARIO DE SEGURIDAD","Inicial G3","Reva de Servicio\n(08:30-17:30 hrs)\nDÍA 1","Reva de Servicio\n(08:30-17:30 hrs)\nDÍA 2","DO","DO","DO","DO","Inicial G5"],"bp":"2440915","nombre":"Judith Fernandez"},{"dias":["SICK","SICK","SICK","SICK","SICK","SICK","SICK","SICK","SICK","SICK","SICK","SICK","SICK","SICK","SICK","SICK","SICK","SICK","SICK","SICK","SICK","SICK","SICK","SICK","SICK","SICK","SICK","SICK","SICK","SICK","SICK"],"nombre":"Rafael Nieto","bp":"3796947"},{"dias":["DO","Inicial G1","Inicial G3","RESERVA IET","Inicial G2","Inicial G1","DO","DO","Curso 50%","Inicial G3","HANDS ON B767","HABILITACIÓN A320F","REUNIÓN INSTRUCTORES","DO","DO","Inicial G4","HO FILE","Inicial G3","Inicial G3","DO","DO","DO","DO","RTI: VIRTUAL\nA320F / B767 / B787\n(08:30-17:30 hrs)\nINS CRM","RTI: PRÁCTICA\nA320F / B767 / B787\n(08:30-17:30 hrs)\nINS APOYO","Reva de Servicio\n(08:30-17:30 hrs)\nDÍA 1","Reva de Servicio\n(08:30-17:30 hrs)\nDÍA 2","DO","DO","Inicial G4","Inicial G4"],"bp":"3841387","nombre":"Gianfranco Celiz"}],"fuente":"10 - Rol_Instructores_LP_OCTUBRE_1.xlsx"} | C4: 46296.54
A5: 2026-04 | B5: {"hoja":"ABRIL","mes":"2026-04","fuente":"Rol_Instructores_LP_AGOSTO.xlsx","instructores":[{"bp":"2713993","nombre":"Fiorella Ruiz","dias":["LCK A320F\nLIM-CUZ-LIM\nLA 2007 (09:10-10:35 hrs)\nLA 2008 (11:20-12:55 hrs)\nLCK A320F\nLIM-CUZ-LIM\nLA 2232 (13:55-15:20 hrs)\nLA 2197 (15:55-17:35 hrs)","FERIADO","FERIADO","FDS","FDS","Inicial G3","Reva de Servicio\n(08:30-17:30 hrs)\nDÍA 1","Reva de Servicio\n(08:30-17:30 hrs)\nDÍA 2","TTT REVA SVC","TTT REVA SVC","FDS","FDS","LCK B787\n- LIM-SCL\n- LA 2697 (09:35-13:00 hrs)\nLCK B787\n- SCL-LIM\n- LA 2696 (16:00-19:45 hrs)","RESERVA IET\nTARDE","PD\n- LIM-ATL\n- LA 2482 (12:05-19:35 hrs)","Blanco","LCK B767\n- ATL-LIM\n- LA 2483 (22:15-05:00 hrs)","FDS","FDS","Habilitación B767\n- LIM-ATL\n- LA 2482 (12:05-19:35 hrs)","Blanco","LCK B767\n- ATL-LIM\n- LA 2483 (22:15-05:00 hrs)","Inicial G7","LCK B787\n- LIM-SCL\n- LA 2697 (09:35-13:00 hrs)\nRecalificación B787\n- SCL-LIM\n- LA 2696 (16:00-19:45 hrs)","FDS","FDS","LCK B787\n- LIM-SCL\n- LA 2697 (09:35-13:00 hrs)\nLCK B787\n- SCL-LIM\n- LA 2696 (16:00-19:45 hrs)","RESERVA IET\nTARDE","Inicial G4","LCK A320F\nLIM-CUZ-LIM\nLA 2007 (09:10-10:35 hrs)\nLA 2008 (11:20-12:55 hrs)\nLCK A320F\nLIM-CUZ-LIM\nLA 2232 (13:55-15:20 hrs)\nLA 2197 (15:55-17:35 hrs)"]},{"bp":"2396710","nombre":"Sebastian Correa","dias":["LCK A320F\nLIM-AQP-LIM\nLA 2123 (09:15-10:50 hrs)\nLA 2124 (11:30-13:10 hrs)\nLCK A320F\nLIM-CJA-LIM\nLA 2295 (14:05-15:30 hrs)\nLA 2294 (16:10-17:15 hrs)","FERIADO","FERIADO","FDS","FDS","LCK B767\n- LIM-MIA\n- LA 2698 (08:15-14:20 hrs)","Reentrenamiento B767\n- MIA-LIM\n- LA 2695 (16:10-22:00 hrs)","RESERVA IET\nTARDE","TTT REVA SVC","TTT REVA SVC","FDS","FDS","VACACIONES","VACACIONES","VACACIONES","VACACIONES","VACACIONES","VACACIONES","VACACIONES","VACACIONES","VACACIONES","VACACIONES","VACACIONES","VACACIONES","VACACIONES","VACACIONES","VACACIONES","VACACIONES","VACACIONES","VACACIONES"]},{"bp":"1271571","dias":["LCK B767\n- ATL-LIM\n- LA 2483 (22:15-05:00 hrs)","FERIADO","FERIADO","FDS","FDS","LCK B787\n- LIM-SCL\n- LA 2697 (09:35-13:00 hrs)\nLCK B787\n- SCL-LIM\n- LA 2696 (16:00-19:45 hrs)","RESERVA IET\nTARDE","LCK A320F\nLIM-AQP-LIM\nLA 2119 (08:30-10:00 hrs)\nLA 2118 (10:55-12:35 hrs)\nLCK A320F\nLIM-TCQ-LIM\nLA 2067 (13:45-15:40 hrs)\nLA 2068 (16:20-18:15 hrs)","TTT REVA SVC","TTT REVA SVC","FDS","FDS","Reentrenamiento B767\n- LIM-MIA\n- LA 2694 (13:30-19:35 hrs)","Blanco","LCK B767\n- MIA-LIM\n- LA 2699 (23:15-05:00 hrs)","LDS","DO","FDS","FDS","Reentrenamiento B767\n- LIM-MIA\n- LA 2694 (13:30-19:35 hrs)","Blanco","LCK B767\n- MIA-LIM\n- LA 2699 (23:15-05:00 hrs)","LCK B767\n- LIM-SCL\n- LA 2413 (12:05-15:35 hrs)\nLCK B767\n- SCL-LIM\n- LA 2412 (17:05-20:55 hrs)","Inicial G4\nTARDE","FDS","FDS","PD\n- LIM-MIA\n- LA 2694 (13:30-19:35 hrs)","Blanco","LCK B767\n- MIA-LIM\n- LA 2699 (23:15-05:00 hrs)","LCK A320F\nLIM-AQP-LIM\nLA 2123 (09:15-10:50 hrs)\nLA 2124 (11:30-13:10 hrs)\nLCK A320F\nLIM-CJA-LIM\nLA 2295 (14:05-15:30 hrs)\nLA 2294 (16:10-17:15 hrs)"],"nombre":"Christian Rondon"},{"nombre":"Karen Santa Cruz","dias":["HO FILE","DO","DO","DO","DO","LCK ALUMNA + HAB","RESERVA IET\nTARDE","AUDITORÍA\nPRE IOSA","AUDITORÍA\nPRE IOSA","LCK A320F\nLIM-CUZ-LIM\nLA 2007 (09:10-10:35 hrs)\nLA 2008 (11:20-12:55 hrs)\nLCK A320F\nLIM-AQP-LIM\nLA 2055 (13:50-15:35 hrs)\nLA 2056 (16:15-17:50 hrs)","DO","DO","LCK A320F\nLIM-AQP-LIM\nLA 2123 (09:15-10:50 hrs)\nLA 2124 (11:30-13:10 hrs)\nLCK A320F\nLIM-CJA-LIM\nLA 2295 (14:05-15:30 hrs)\nLA 2294 (16:10-17:15 hrs)","PD\n- LIM-ATL\n- LA 2482 (12:05-19:35 hrs)","Blanco","LCK B767\n- ATL-LIM\n- LA 2483 (22:15-05:00 hrs)","HO FILE\n(No tocar)","DO","CUMP","CUMP","Situaciones de Emergencia A320F\nTripulación de Mando\nLP\n(08:30-17:30 hrs)","RTI: PRÁCTICA\nA320F / B767 / B787\n(08:30-17:30 hrs)\nINS APOYO","Ditching Presencial A320F + HANDS ON\nTripulación de Mando\nLP\n(08:30-17:30 hrs)","LCK A320F\nLIM-CUZ-LIM\nLA 2007 (09:10-10:35 hrs)\nLA 2008 (11:20-12:55 hrs)\nLCK A320F\nLIM-AQP-LIM\nLA 2055 (13:50-15:35 hrs)\nLA 2056 (16:15-17:50 hrs)","DO","DO","LCK B767\n- LIM-MIA\n- LA 2698 (08:15-14:20 hrs)","Chequeo DGAC B767\n- MIA-LIM\n- LA 2695 (16:10-22:00 hrs)","REU EMBAJADORES\nTARDE","Chequeo DGAC B767\n- LIM-SCL\n- LA 2413 (12:05-15:35 hrs)\nChequeo DGAC B767\n- SCL-LIM\n- LA 2412 (17:05-20:55 hrs)"],"bp":"2843319"},{"bp":"3779550","nombre":"Jennifert Acurio","dias":["PD\n- MIA-LIM\n- LA 2481 (15:55-21:40 hrs)","DO","DO","DO","DO","TALLER VOLUNTARIO DE SEGURIDAD","Inicial G3","VACACIONES","VACACIONES","VACACIONES","VACACIONES","VACACIONES","VACACIONES","VACACIONES","VACACIONES","Inicial G4","Chequeo DGAC B767\n- LIM-SCL\n- LA 2413 (12:05-15:35 hrs)\nChequeo DGAC B767\n- SCL-LIM\n- LA 2412 (17:05-20:55 hrs)","DO","DO","LCK B767\n- LIM-MIA\n- LA 2698 (08:15-14:20 hrs)","Chequeo LATAM B767\n- MIA-LIM\n- LA 2695 (16:10-22:00 hrs)","RESERVA IET\nTARDE","Inicial G5","LCK ALUMNA + HAB","DO","DO","LCK A320F\nLIM-AQP-LIM\nLA 2123 (09:15-10:50 hrs)\nLA 2124 (11:30-13:10 hrs)\nLCK A320F\nLIM-CJA-LIM\nLA 2295 (14:05-15:30 hrs)\nLA 2294 (16:10-17:15 hrs)","PD\n- LIM-ATL\n- LA 2482 (12:05-19:35 hrs)","Blanco","LCK B767\n- ATL-LIM\n- LA 2483 (22:15-05:00 hrs)"]},{"nombre":"Jazmin Guerra","bp":"29530","dias":["HAB WB","DO","DO","DO","DO","Inicial G6","Inicial G6","Inicial G6","TTT REVA SVC","TTT REVA SVC","DO","DO","LCK ALUMNO","RESERVA IET\nTARDE","RTI: PRÁCTICA\nA320F / B767 / B787\n(08:30-17:30 hrs)\nINS APOYO","LCK B767\n- LIM-SCL\n- LA 2413 (12:05-15:35 hrs)\nLCK B767\n- SCL-LIM\n- LA 2412 (17:05-20:55 hrs)","Inicial G4\nTARDE","DO","DO","LCK A320F\nLIM-CIX-LIM\nLA 2274 (09:35-11:10 hrs)\nLA 2275 (11:45-13:05 hrs)\nLCK A320F\nLIM-CJA-LIM\nLA 2295 (14:05-15:30 hrs)\nLA 2294 (16:10-17:15 hrs)","Habilitación B767\n- LIM-ATL\n- LA 2482 (12:05-19:35 hrs)","Blanco","LCK B767\n- ATL-LIM\n- LA 2483 (22:15-05:00 hrs)","Chequeo DGAC B767\n- LIM-SCL\n- LA 2413 (12:05-15:35 hrs)\nChequeo DGAC B767\n- SCL-LIM\n- LA 2412 (17:05-20:55 hrs)","DO","DO","LCK A320F\nLIM-CIX-LIM\nLA 2274 (09:35-11:10 hrs)\nLA 2275 (11:45-13:05 hrs)\nLCK A320F\nLIM-TPP-LIM\nLA 2087 (14:00-15:30 hrs)\nLA 2088 (16:05-17:30 hrs)","Inicial G4","Inicial G6","Inicial G6"]},{"bp":"3217561","nombre":"Claudia Flores","dias":["HO FILE","DO","DO","DO","DO","LCK A320F\nLIM-AQP-LIM\nLA 2119 (08:30-10:00 hrs)\nLA 2118 (10:55-12:35 hrs)\nLCK A320F + Habilitación A320F\nLIM-TCQ-LIM\nLA 2067 (13:45-15:40 hrs)\nLA 2068 (16:20-18:15 hrs)","CUMP","VACACIONES","VACACIONES","VACACIONES","VACACIONES","VACACIONES","VACACIONES","VACACIONES","VACACIONES","VACACIONES","VACACIONES","VACACIONES","VACACIONES","VACACIONES","VACACIONES","VACACIONES","AUDITORIA\nPROCAB","Reentrenamiento A320F\nLIM-TBP-LIM\nLA 2052 (10:15-12:15 hrs)\nLA 2051 (12:55-14:35 hrs)","DO","DO","LCK ALUMNA+HAB","RESERVA IET\nTARDE","Chequeo DGAC B767\n- LIM-MIA\n- LA 2694 (13:30-19:35 hrs)","LCK B767\n- MIA-LIM\n- LA 2695 (16:10-22:00 hrs)"]},{"nombre":"Karla Moz","dias":["VACACIONES","VACACIONES","VACACIONES","VACACIONES","VACACIONES","VACACIONES","VACACIONES","VACACIONES","VACACIONES","VACACIONES","VACACIONES","VACACIONES","VACACIONES","VACACIONES","VACACIONES","LP","LP","DO","DO","LP","LP","LP","LP","LP","DO","DO","LP","LP","LP","LP"],"bp":"71348"},{"dias":["Inicial G5","DO","DO","DO","DO","TALLER VOLUNTARIO DE SEGURIDAD","HO FILE","Inicial G5","TTT REVA SVC","TTT REVA SVC","DO","DO","Inicial G6","RTI: VIRTUAL\nA320F / B767 / B787\n(08:30-17:30 hrs)","RTI: PRÁCTICA\nA320F / B767 / B787\n(08:30-17:30 hrs)","RTI: PRÁCTICA\nA320F / B767 / B787\n(08:30-17:30 hrs)","Reentrenamiento B787\n- LIM-SCL\n- LA 2697 (09:35-13:00 hrs)\nHabilitación B787\n- SCL-LIM\n- LA 2696 (16:00-19:45 hrs)","DO","DO","Inicial G5","RTI: VIRTUAL\nA320F / B767 / B787\n(08:30-17:30 hrs)","RTI: PRÁCTICA\nA320F / B767 / B787\n(08:30-17:30 hrs)","RTI: PRÁCTICA\nA320F / B767 / B787\n(08:30-17:30 hrs)","Inicial G4","DO","DO","Chequeo LATAM B767\n- LIM-MIA\n- LA 2698 (08:15-14:20 hrs)","Chequeo LATAM B767\n- MIA-LIM\n- LA 2695 (16:10-22:00 hrs)","RESERVA IET\nTARDE","Inicial G6"],"nombre":"Erika Dávila","bp":"967092"},{"nombre":"Elizabeth Torres","bp":"2369641","dias":["Reva de Servicio\n(08:30-17:30 hrs)\nDÍA 2","DO","DO","DO","DO","Inicial G5","Inicial G5","LCK A320F\nLIM-AQP-LIM\nLA 2123 (09:15-10:50 hrs)\nLA 2124 (11:30-13:10 hrs)\nLCK A320F\nLIM-TPP-LIM\nLA 2087 (14:00-15:30 hrs)\nLA 2088 (16:05-17:30 hrs)","TTT REVA SVC","TTT REVA SVC","DO","DO","Inicial G5","LCK B767\n- LIM-MIA\n- LA 2698 (08:15-14:20 hrs)","Chequeo DGAC B767\n- MIA-LIM\n- LA 2481 (15:55-21:40 hrs)","RESERVA IET\nTARDE","LCK B767\n- LIM-SCL\n- LA 2413 (12:05-15:35 hrs)\nLCK B767\n- SCL-LIM\n- LA 2412 (17:05-20:55 hrs)","DO","DO","LCK A320F\nLIM-AQP-LIM\nLA 2123 (09:15-10:50 hrs)\nLA 2124 (11:30-13:10 hrs)","LCK B767\n- LIM-MIA\n- LA 2698 (08:15-14:20 hrs)","Chequeo DGAC B767\n- MIA-LIM\n- LA 2481 (15:55-21:40 hrs)","RESERVA IET\nTARDE","Inicial G4","DO","DO","Recalificación A320F\nLIM-CUZ-LIM\nLA 2238 (10:10-11:35 hrs)\nLA 2239 (12:10-13:45 hrs)","Inicial G4","Inicial G6","LCK B767\n- LIM-SCL\n- LA 2413 (12:05-15:35 hrs)\nLCK B767\n- SCL-LIM\n- LA 2412 (17:05-20:55 hrs)"]},{"nombre":"Patricia Najar","bp":"2369624","dias":["LCK A320F\nLIM-PEM-LIM\nLA 2260 (10:20-12:05 hrs)\nLA 2261 (12:45-14:20 hrs)\nHabilitación A320F\nLIM-CJA-LIM\nLA 2297 (15:15-16:40 hrs)\nLA 2296 (17:20-18:25 hrs)","DO","DO","DO","DO","RTI: VIRTUAL\nA320F / B767\n(08:30-17:30 hrs)\nINS CRM","Inicial G4","Inicial G3","LCK A320F\nLIM-CUZ-LIM\nLA 2007 (09:10-10:35 hrs)\nLA 2008 (11:20-12:55 hrs)\nLCK A320F\nLIM-CUZ-LIM\nLA 2232 (13:55-15:20 hrs)\nLA 2197 (15:55-17:35 hrs)","Curso Estandarización","DO","DO","LCK B767\n- LIM-MIA\n- LA 2698 (08:15-14:20 hrs)","Chequeo LATAM B767\n- MIA-LIM\n- LA 2695 (16:10-22:00 hrs)","Inicial G4\nTARDE","VACACIONES","VACACIONES","VACACIONES","VACACIONES","VACACIONES","VACACIONES","VACACIONES","AUDITORIA\nPROCAB","LCK B767\n- LIM-SCL\n- LA 2413 (12:05-15:35 hrs)\nLCK B767\n- SCL-LIM\n- LA 2412 (17:05-20:55 hrs)","DO","DO","Inicial G4","LCK B767\n- LIM-MIA\n- LA 2698 (08:15-14:20 hrs)","Recalificación B767\n- MIA-LIM\n- LA 2481 (15:55-21:40 hrs)","RESERVA IET\nTARDE"]},{"dias":["RESERVA IET\nTARDE","DO","DO","DO","DO","TTT CRM","TTT CRM","TTT CRM","Reva de Servicio\n(08:30-17:30 hrs)\nDÍA 1","Reva de Servicio\n(08:30-17:30 hrs)\nDÍA 2","DO","DO","HO FILE","Inicial G5","Habilitación B767\n- LIM-MIA\n- LA 2694 (13:30-19:35 hrs)","LCK B767\n- MIA-LIM\n- LA 2695 (16:10-22:00 hrs)","Inicial G4\nTARDE","DO","DO","Inicial G5","Inicial G5","PD\n- LIM-ATL\n- LA 2482 (12:05-19:35 hrs)","Blanco","LCK B767\n- ATL-LIM\n- LA 2483 (22:15-05:00 hrs)","DO","DO","Inicial G4","Inicial G4","Inicial G4","LCK ALUMNO"],"nombre":"Javier Zapata","bp":"3134911"},{"bp":"3750335","dias":["Inicial G3","DO","DO","DO","DO","Habilitación B767\n- LIM-ATL\n- LA 2482 (12:05-19:35 hrs)","Blanco","LCK B767\n- ATL-LIM\n- LA 2483 (22:15-05:00 hrs)","RTI: PRÁCTICA\nA320F / B767\n(08:30-17:30 hrs)\nINS APOYO","DO","VACACIONES","VACACIONES","VACACIONES","VACACIONES","VACACIONES","VACACIONES","VACACIONES","VACACIONES","VACACIONES","VACACIONES","VACACIONES","VACACIONES","VACACIONES","VACACIONES","VACACIONES","VACACIONES","VACACIONES","VACACIONES","VACACIONES","VACACIONES"],"nombre":"Jefferson Mendez"},{"bp":"3852423","nombre":"Gabriela Ungaro","dias":["Inicial G3","DO","DO","DO","DO","TTT CRM","TTT CRM","TTT CRM","TTT REVA SVC","TTT REVA SVC","DO","DO","LCK A320F\nLIM-CIX-LIM\nLA 2274 (09:35-11:10 hrs)\nLA 2275 (11:45-13:05 hrs)\nLCK A320F\nLIM-TPP-LIM\nLA 2087 (14:00-15:30 hrs)\nLA 2088 (16:05-17:30 hrs)","Reva de Servicio\n(08:30-17:30 hrs)\nDÍA 1\nSVC 1","Reva de Servicio\n(08:30-17:30 hrs)\nDÍA 2\nSVC 1","LCK B767\n- LIM-MIA\n- LA 2698 (08:15-14:20 hrs)","Chequeo DGAC B767\n- MIA-LIM\n- LA 2481 (15:55-21:40 hrs)","DO","DO","LCK A320F\nLIM-CUZ-LIM\nLA 2238 (10:10-11:35 hrs)\nLA 2239 (12:10-13:45 hrs)\nLCK A320F + Habilitación A320F\nLIM-CJA-LIM\nLA 2297 (15:15-16:40 hrs)\nLA 2296 (17:20-18:25 hrs)","Inicial G6","Chequeo DGAC B767\n- LIM-MIA\n- LA 2694 (13:30-19:35 hrs)","LCK B767\n- MIA-LIM\n- LA 2695 (16:10-22:00 hrs)","Inicial G4\nTARDE","DO","DO","Inicial G4","RTI: VIRTUAL\nA320F / B767 / B787\n(08:30-17:30 hrs)\nINS CRM","Inicial G4","RTI: PRÁCTICA\nA320F / B767 / B787\n(08:30-17:30 hrs)\nINS APOYO"]},{"bp":"2604360","dias":["Tripulación Practice Boarding","Tripulación Practice Boarding","Tripulación Practice Boarding","DO","DO","LCK A320F\nLIM-CUZ-LIM\nLA 2007 (09:10-10:35 hrs)\nLA 2008 (11:20-12:55 hrs)\nLCK A320F + Habilitación A320F\nLIM-TPP-LIM\nLA 2087 (14:00-15:30 hrs)\nLA 2088 (16:05-17:30 hrs)","Inicial G4","AUDITORÍA\nPRE IOSA","AUDITORÍA\nPRE IOSA","RTI: PRÁCTICA\nA320F / B767\n(08:30-17:30 hrs)\nINS APOYO","CUMP","CUMP","Habilitación B767\n- LIM-ATL\n- LA 2482 (12:05-19:35 hrs)","Blanco","LCK B767\n- ATL-LIM\n- LA 2483 (22:15-05:00 hrs)","LDS","DO","DO","DO","DO","Reva de Servicio\n(08:30-17:30 hrs)\nDÍA 1","Reva de Servicio\n(08:30-17:30 hrs)\nDÍA 2","Inicial G6","LCK A320F\nLIM-AQP-LIM\nLA 2123 (09:15-10:50 hrs)\nLA 2124 (11:30-13:10 hrs)\nLCK A320F\nLIM-CIX-LIM\nLA 2312 (14:00-15:30 hrs)\nLA 2313 (16:05-17:30 hrs)","DO","DO","PD\n- LIM-ATL\n- LA 2482 (12:05-19:35 hrs)","Blanco","LCK B767\n- ATL-LIM\n- LA 2483 (22:15-05:00 hrs)","Reva de Servicio\n(08:30-17:30 hrs)\nDÍA 2\nSVC 2"],"nombre":"Mariella Carrasco"},{"dias":["RESERVA IET\nTARDE","DO","DO","DO","DO","TTT CRM","TTT CRM","TTT CRM","TTT REVA SVC","TTT REVA SVC","DO","DO","RESERVA IET","RTI: VIRTUAL\nA320F / B767 / B787\n(08:30-17:30 hrs)\nINS CRM","Inicial G4","RTI: PRÁCTICA\nA320F / B767 / B787\n(08:30-17:30 hrs)\nINS APOYO","Inicial G4","DO","DO","Inicial G6","Inicial G4","RTI: VIRTUAL\nA320F / B767\n(08:30-17:30 hrs)\nINS TITULAR","Inicial G4","RTI: PRÁCTICA\nA320F / B767\n(08:30-17:30 hrs)\nINS TITULAR","DO","DO","RESERVA IET","Reva de Servicio\n(08:30-17:30 hrs)\nDÍA 1\nSVC 2","Reva de Servicio\n(08:30-17:30 hrs)\nDÍA 2\nSVC 2","Inicial G5"],"bp":"2823133","nombre":"Cesar Campos"},{"bp":"3189967","dias":["HABILITACIÓN A320F","DO","DO","DO","DO","Inicial G4","RTI: VIRTUAL\nA320F / B767\n(08:30-17:30 hrs)\nINS TITULAR","RTI: VIRTUAL\nA320F / B767\n(08:30-17:30 hrs)\nINS CRM","TTT REVA SVC","TTT REVA SVC","DO","DO","Chequeo LATAM B767\n- LIM-MIA\n- LA 2698 (08:15-14:20 hrs)","Habilitación B767\n- MIA-LIM\n- LA 2695 (16:10-22:00 hrs)","Inicial G4\nTARDE","CUMP","CUMP","DO","DO","Inicial G4","Inicial G4","RTI: VIRTUAL\nA320F / B767 / B787\n(08:30-17:30 hrs)\nINS CRM","Inicial G4","RTI: PRÁCTICA\nA320F / B767 / B787\n(08:30-17:30 hrs)\nINS APOYO","DO","DO","TALLER VOLUNTARIO DE SEGURIDAD","Reva de Servicio\n(08:30-17:30 hrs)\nDÍA 1\nSVC 1","Reva de Servicio\n(08:30-17:30 hrs)\nDÍA 2\nSVC 1","Inicial G5"],"nombre":"Kevin Segovia"},{"bp":"2415373","dias":["TALLER VOLUNTARIO DE SEGURIDAD","DO","DO","DO","DO","Inicial G4","RTI: VIRTUAL\nA320F / B767\n(08:30-17:30 hrs)\nINS CRM","RTI: VIRTUAL\nA320F / B767\n(08:30-17:30 hrs)\nINS TITULAR","TTT REVA SVC","TTT REVA SVC","DO","DO","Inicial G7","Inicial G5","HB6\nCurso B767\n(08:30-17:30hrs)","Reva de Servicio\n(08:30-17:30 hrs)\nDÍA 1\nSVC 1","Reva de Servicio\n(08:30-17:30 hrs)\nDÍA 2\nSVC 1","DO","DO","Chequeo LATAM B767\n- LIM-MIA\n- LA 2698 (08:15-14:20 hrs)","Habilitación B767\n- MIA-LIM\n- LA 2695 (16:10-22:00 hrs)","RESERVA IET\nTARDE","Reva de Servicio\n(08:30-17:30 hrs)\nDÍA 1","Reva de Servicio\n(08:30-17:30 hrs)\nDÍA 2","DO","DO","TALLER VOLUNTARIO DE SEGURIDAD","Inicial G7","Inicial G5","DO"],"nombre":"Milagros Salas"},{"dias":["TALLER VOLUNTARIO DE SEGURIDAD","DO","DO","DO","DO","Chequeo LATAM B767\n- LIM-MIA\n- LA 2698 (08:15-14:20 hrs)","Chequeo LATAM B767\n- MIA-LIM\n- LA 2695 (16:10-22:00 hrs)","RESERVA IET\nTARDE","TTT REVA SVC","TTT REVA SVC","DO","DO","HO FILE","Reva de Servicio\n(08:30-17:30 hrs)\nDÍA 1\nSVC 2","Reva de Servicio\n(08:30-17:30 hrs)\nDÍA 2\nSVC 2","Inicial G4","Inicial G4","DO","DO","Inicial G4","RTI: VIRTUAL\nA320F / B767 / B787\n(08:30-17:30 hrs)\nINS CRM","Inicial G4","RTI: PRÁCTICA\nA320F / B767 / B787\n(08:30-17:30 hrs)\nINS APOYO","Inicial G6","DO","DO","Inicial G7","RTI: VIRTUAL\nA320F / B767\n(08:30-17:30 hrs)\nINS TITULAR","Inicial G5","RTI: PRÁCTICA\nA320F / B767\n(08:30-17:30 hrs)\nINS TITULAR"],"nombre":"Judith Fernandez","bp":"2440915"},{"bp":"3796947","nombre":"Rafael Nieto","dias":["B","B","B","DO","DO","B","B","B","B","B","DO","DO","B","B","B","B","B","DO","DO","B","B","B","B","B","DO","DO","B","B","B","B"]},{"dias":["HO FILE","DO","DO","DO","DO","TTT CRM","TTT CRM","TTT CRM","RTI: PRÁCTICA\nA320F / B767\n(08:30-17:30 hrs)\nINS TITULAR","RTI: PRÁCTICA\nA320F / B767\n(08:30-17:30 hrs)\nINS TITULAR","DO","DO","HB6\nCurso B767\n(08:30-17:30hrs)","HB6\nCurso B767\n(08:30-17:30hrs)","HB6\nCurso B767\n(08:30-17:30hrs)","Reva de Servicio\n(08:30-17:30 hrs)\nDÍA 1\nSVC 2","Reva de Servicio\n(08:30-17:30 hrs)\nDÍA 2\nSVC 2","DO","DO","Inicial G4","Inicial G4","Inicial G4","Inicial G4","Inicial G7","DO","DO","Inicial G6","Inicial G6","Inicial G5","Inicial G5"],"nombre":"Gianfranco Celiz","bp":"3841387"}]} | C5: 46296.54
A6: 2026-05 | B6: {"instructores":[{"nombre":"Fiorella Ruiz","bp":"2713993","dias":["FERIADO","FDS","FDS","Inicial G6","VACACIONES","LCK A320F\nLIM-CUZ-LIM\nLA 2013 (08:40-10:00 hrs)\nLA 2014 (10:40-12:15 hrs)\nLCK A320F\nLIM-CIX-LIM\nLA 2312 (13:25-15:00 hrs)\nLA 2313 (15:40-17:00 hrs)","LCK A320F\nLIM-AQP-LIM\nLA 2123 (09:15-10:50 hrs)\nLA 2124 (11:30-13:10 hrs)\nLCK A320F\nLIM-TPP-LIM\nLA 2087 (14:00-15:30 hrs)\nLA 2088 (16:05-17:30 hrs)","REUNIÓN INSTRUCTORES","FDS","FDS","LCK B787\n- LIM-SCL\n- LA 2697 (09:35-13:00 hrs)\nLCK B787\n- SCL-LIM\n- LA 2696 (16:00-19:45 hrs)","TARDE\nHABILITACIÓN A320F\n(Asignar vuelo)","RTI: PRÁCTICA\nA320F / B767 / B787\n(08:30-17:30 hrs)\nINS APOYO","RTI: PRÁCTICA\nA320F / B767 / B787\n(08:30-17:30 hrs)\nINS APOYO","Inicial G6","FDS","FDS","VACACIONES","HANDS ON B787","Habilitación B767\n- LIM-MIA\n- LA 2694 (13:30-19:35 hrs)","Blanco","LCK B767\n- MIA-LIM\n- LA 2693 (00:45-06:30 hrs)","FDS","FDS","RESERVA IET","RESERVA IET","RESERVA IET","HO FILE\nPRE IOSA 2026","HO FILE\nPRE IOSA 2026","FDS","FDS"]},{"bp":"2396710","dias":["FERIADO","FDS","FDS","Inicial G4","Inicial G4","Inicial G4","Inicial G4","Inicial G4","FDS","FDS","HO FILE","LCK B787\n- LIM-SCL\n- LA 2697 (09:35-13:00 hrs)\nLCK B787\n- SCL-LIM\n- LA 2696 (16:00-19:45 hrs)","RESERVA IET\nTARDE","RTI: PRÁCTICA\nA320F / B767 / B787\n(08:30-17:30 hrs)\nINS APOYO","LCK B787\n- LIM-SCL\n- LA 2697 (09:35-13:00 hrs)\nHabilitación B787\n- SCL-LIM\n- LA 2696 (16:00-19:45 hrs)","FDS","FDS","Blanco","Habilitación B767\n- LIM-MIA\n- LA 2480 (00:15-06:20 hrs)","LCK B767\n- MIA-LIM\n- LA 2481 (15:55-21:40 hrs)","RESERVA IET\nTARDE","LCK B787\n- LIM-SCL\n- LA 2697 (09:35-13:00 hrs)\nLCK B787\n- SCL-LIM\n- LA 2696 (16:00-19:45 hrs)","FDS","FDS","Blanco","PD\n- LIM-MIA\n- LA 2480 (00:15-06:20 hrs)","LCK B767\n- MIA-LIM\n- LA 2481 (15:55-21:40 hrs)","RESERVA IET\nTARDE","LCK B787\n- LIM-SCL\n- LA 2697 (09:35-13:00 hrs)\nLCK B787\n- SCL-LIM\n- LA 2696 (16:00-19:45 hrs)","FDS","FDS"],"nombre":"Sebastian Correa"},{"nombre":"Christian Rondon","bp":"1271571","dias":["FERIADO","FDS","FDS","LCK B767 (Alumno)\n- LIM-MIA\n- LA 2698 (08:15-14:20 hrs)","Habilitación B767\n- MIA-LIM\n- LA 2481 (15:55-21:40 hrs)","RESERVA IET\nTARDE","Habilitación\n- LIM-SCL\n- LA 2697 (09:35-13:00 hrs)\nLCK B787\n- SCL-LIM\n- LA 2696 (16:00-19:45 hrs)","REUNIÓN INSTRUCTORES\nTARDE","FDS","FDS","VACACIONES","VACACIONES","VACACIONES","VACACIONES","VACACIONES","VACACIONES","VACACIONES","PD\n- LIM-MIA\n- LA 2694 (13:30-19:35 hrs)","Blanco","LCK B767\n- MIA-LIM\n- LA 2699 (23:15-05:00 hrs)","Inicial G6","LCK B767\n- LIM-SCL\n- LA 2413 (12:05-15:35 hrs)\nLCK B767\n- SCL-LIM\n- LA 2412 (17:00-20:50 hrs)","FDS","FDS","LCK B787\n- LIM-SCL\n- LA 2697 (09:35-13:00 hrs)\nLCK B787\n- SCL-LIM\n- LA 2696 (16:00-19:45 hrs)","HO FILE\nTARDE","LCK B787\n- LIM-SCL\n- LA 2697 (09:35-13:00 hrs)\nLCK B787\n- SCL-LIM\n- LA 2696 (16:00-19:45 hrs)","HO FILE\nTARDE","LCK B767\n- LIM-SCL\n- LA 2413 (12:05-15:35 hrs)\nLCK B767\n- SCL-LIM\n- LA 2412 (17:00-20:50 hrs)","FDS","FDS"]},{"bp":"2843319","nombre":"Karen Santa Cruz","dias":["DO","DO","DO","LCK B767\n- LIM-MIA\n- LA 2698 (08:15-14:20 hrs)","PD\n- MIA-LIM\n- LA 2481 (15:55-21:40 hrs)","RESERVA IET\nTARDE","HAB + LCK ALUMNO","REUNIÓN INSTRUCTORES\nTARDE","DO","DO","Inicial G7","Inicial G7","Inicial G7","Inicial G7","DO","DO","DO","DO","Inicial G8","Inicial G8","Inicial G6","LCK B767\nAlumno","DO","DO","Inicial G7","Inicial G7","LCK A320F\nLIM-CUZ-LIM\nLA 2013 (08:40-10:00 hrs)\nLA 2014 (10:40-12:15 hrs)\nLCK A320F\nLIM-CIX-LIM\nLA 2312 (13:25-15:00 hrs)\nLA 2313 (15:40-17:00 hrs)","HO FILE\nPRE IOSA 2026","HO FILE\nPRE IOSA 2026","DO","DO"]},{"bp":"3779550","nombre":"Jennifert Acurio","dias":["DO","DO","DO","Inicial G5","Inicial G5","Inicial G5","HANDS ON B767","REUNIÓN INSTRUCTORES","DO","DO","TALLER VOLUNTARIO DE SEGURIDAD","Blanco","Habilitación B767\n- LIM-MIA\n- LA 2480 (00:15-06:20 hrs)","LCK B767\n- MIA-LIM\n- LA 2695 (16:10-22:00 hrs)","DO","DO","DO","DO","HO FILE","Blanco","PD\n- LIM-MIA\n- LA 2480 (00:15-06:20 hrs)","LCK B767\n- MIA-LIM\n- LA 2481 (15:55-21:40 hrs)","DO","DO","Inicial G7","Inicial G7","Inicial G6","Inicial G6","LCK B767\nalumno","DO","DO"]},{"bp":"29530","nombre":"Jazmin Guerra","dias":["DO","DO","DO","Inicial G5","Inicial G5","Inicial G5","LCK B767\nAlumno","REUNIÓN INSTRUCTORES\nTARDE","DO","DO","TALLER VOLUNTARIO DE SEGURIDAD","LCK B767\n- LIM-MIA\n- LA 2698 (08:15-14:20 hrs)","Blanco","PD\n- MIA-LIM\n- LA 2699 (23:15-05:00 hrs)","HO FILE","DO","DO","TALLER VOLUNTARIO DE SEGURIDAD","Reva de Servicio\n(08:30-17:30 hrs)\nDÍA 1\nSVC 2","Reva de Servicio\n(08:30-17:30 hrs)\nDÍA 2\nSVC 2","LCK B767\n- LIM-SCL\n- LA 2413 (12:05-15:35 hrs)\nLCK B767\n- SCL-LIM\n- LA 2412 (17:00-20:50 hrs)","DO","DO","VACACIONES","VACACIONES","VACACIONES","VACACIONES","VACACIONES","VACACIONES","VACACIONES","VACACIONES"]},{"bp":"3217561","dias":["DO","DO","DO","DO","RESERVA IET","RESERVA IET","RESERVA IET","REUNIÓN INSTRUCTORES","DO","DO","LCK B767\n- LIM-MIA\n- LA 2698 (08:15-14:20 hrs)","Habilitación B767\n- MIA-LIM\n- LA 2481 (15:55-21:40 hrs)","RESERVA IET\nTARDE","LCK B767 ALUMNO","RESERVA IET\nTARDE","DO","DO","TALLER VOLUNTARIO DE SEGURIDAD","Blanco","Habilitación B767\n- LIM-MIA\n- LA 2480 (00:15-06:20 hrs)","LCK B767\n- MIA-LIM\n- LA 2695 (16:10-22:00 hrs)","Inicial G6\nTARDE","DO","DO","LCK B767\n- LIM-MIA\n- LA 2698 (08:15-14:20 hrs)","Recalificación B767\n- MIA-LIM\n- LA 2481 (15:55-21:40 hrs)","TARDE\nCurso de Estandarización","HO FILE\nPRE IOSA 2026","HO FILE\nPRE IOSA 2026","DO","DO"],"nombre":"Claudia Flores"},{"dias":["LP","LP","LP","LP","LP","LP","LP","LP","LP","LP","LP","LP","LP","LP","LP","LP","LP","LP","LP","LP","LP","LP","LP","LP","LP","LP","LP","LP","LP","LP","LP"],"nombre":"Karla Moz","bp":"71348"},{"dias":["DO","DO","DO","DO","Reva de Servicio\n(08:30-17:30 hrs)\nDÍA 1","Reva de Servicio\n(08:30-17:30 hrs)\nDÍA 2","Reva de Servicio\n(08:30-17:30 hrs)\nDÍA 1","Reva de Servicio\n(08:30-17:30 hrs)\nDÍA 2","DO","DO","Inicial G7","RTI: VIRTUAL\nA320F / B767 / B787\n(08:30-17:30 hrs)\nINS TITULAR","RTI: PRÁCTICA\nA320F / B767 / B787\n(08:30-17:30 hrs)\nINS TITULAR","RTI: PRÁCTICA\nA320F / B767 / B787\n(08:30-17:30 hrs)\nINS TITULAR","Inicial G6","DO","DO","HAB WB","HAB WB","HAB WB","Reva de Servicio\n(08:30-17:30 hrs)\nDÍA 1","Reva de Servicio\n(08:30-17:30 hrs)\nDÍA 2","DO","DO","HABILITACIÓN A320F","HO FILE","Inicial G8","Inicial G6","Inicial G6","DO","DO"],"nombre":"Erika Dávila","bp":"967092"},{"dias":["DO","DO","DO","Curso Refreso IDE","LCK A320F\nLIM-CUZ-LIM\nLA 2007 (09:10-10:35 hrs)\nLA 2008 (11:20-12:55 hrs)\nLCK A320F\nLIM-CUZ-LIM\nLA 2232 (13:55-15:20 hrs)\nLA 2233 (15:55-17:35 hrs)","HO FILE","LCK A320F\nLIM-CUZ-LIM\nLA 2013 (08:40-10:00 hrs)\nLA 2014 (10:40-12:15 hrs)\nLCK A320F\nLIM-CIX-LIM\nLA 2312 (13:25-15:00 hrs)\nLA 2313 (15:40-17:00 hrs)","REUNIÓN INSTRUCTORES","DO","DO","Blanco","Habilitación B767\n- LIM-MIA\n- LA 2480 (00:15-06:20 hrs)","LCK B767\n- MIA-LIM\n- LA 2481 (15:55-21:40 hrs)","TARDE\nCurso de Estandarización","DO","DO","DO","DO","LCK B767\n- LIM-MIA\n- LA 2698 (08:15-14:20 hrs)","Blanco","Habilitación B767\n- MIA-LIM\n- LA 2699 (23:15-05:00 hrs)","Inicial G6","DO","DO","TALLER VOLUNTARIO DE SEGURIDAD","HANDS ON B767","Inicial G7","Inicial G6","Inicial G6","DO","DO"],"bp":"2369641","nombre":"Elizabeth Torres"},{"nombre":"Patricia Najar","dias":["DO","DO","DO","Curso Refreso IDE","Inicial G8","LCK A320F\nLIM-CIX-LIM\nLA 2274 (09:35-11:10 hrs)\nLA 2275 (11:45-13:05 hrs)\nLCK A320F\nLIM-CUZ-LIM\nLA 2232 (13:55-15:20 hrs)\nLA 2233 (15:55-17:35 hrs)","DO","DO","DO","DO","LCK A320F\nLIM-CUZ-LIM\nLA 2013 (08:40-10:00 hrs)\nLA 2014 (10:40-12:15 hrs)\nLCK A320F\nLIM-CIX-LIM\nLA 2312 (13:25-15:00 hrs)\nLA 2313 (15:40-17:00 hrs)","Inicial G7","Habilitación B767\n- LIM-MIA\n- LA 2694 (13:30-19:35 hrs)","Blanco","LCK B767\n- MIA-LIM\n- LA 2693 (00:45-06:30 hrs)","DO","DO","RTI","RTI: VIRTUAL\nA320F / B767\n(08:30-17:30 hrs)\nINS TITULAR\n**Se habilita","RTI","RTI: VIRTUAL\nA320F / B767\n(08:30-17:30 hrs)\nINS TITULAR\n**Se habilita","Inicial G6","DO","DO","Recalificación A320F\nLIM-CUZ-LIM\nLA 2013 (08:40-10:00 hrs)\nLA 2014 (10:40-12:15 hrs)\nRecalificación A320F\nLIM-CIX-LIM\nLA 2312 (13:25-15:00 hrs)\nLA 2313 (15:40-17:00 hrs)","HANDS ON B767","LCK A320F\nLIM-CIX-LIM\nLA 2274 (09:35-11:10 hrs)\nLA 2275 (11:45-13:05 hrs)\nLCK A320F\nLIM-CUZ-LIM\nLA 2232 (13:55-15:20 hrs)\nLA 2233 (15:55-17:35 hrs)","HO FILE\nPRE IOSA 2026","HO FILE\nPRE IOSA 2026","DO","DO"],"bp":"2369624"},{"dias":["DO","DO","DO","Curso Refreso IDE","LCK B767\n- LIM-MIA\n- LA 2698 (08:15-14:20 hrs)","Blanco","PD\n- MIA-LIM\n- LA 2699 (23:15-05:00 hrs)","Inicial G7","DO","DO","Inicial G8","Inicial G8","Inicial G7","HABILITACIÓN A320F","LCK B767\n- LIM-SCL\n- LA 2413 (12:20-15:45 hrs)\nChequeo DGAC B767\n- SCL-LIM\n- LA 2412 (17:10-20:50 hrs)","DO","DO","LCK B767\n- LIM-MIA\n- LA 2698 (08:15-14:20 hrs)","Reentrenamiento B767\n- MIA-LIM\n- LA 2481 (15:55-21:40 hrs)","RESERVA IET\nTARDE","Inicial G6","DO","DO","DO","DO","HO FILE","Blanco","PD\n- LIM-MIA\n- LA 2480 (00:15-06:20 hrs)","LCK B767\n- MIA-LIM\n- LA 2481 (15:55-21:40 hrs)","DO","DO"],"nombre":"Javier Zapata","bp":"3134911"},{"bp":"3750335","nombre":"Jefferson Mendez","dias":["DO","DO","DO","Curso Refreso IDE","HABILITACIÓN A320F","Inicial G8","Inicial G8","Inicial G8","DO","DO","PD\n- LIM-MIA\n- LA 2694 (13:30-19:35 hrs)","Blanco","LCK B767\n- MIA-LIM\n- LA 2699 (23:15-05:00 hrs)","Inicial G7","LCK B767 Alumno","DO","DO","LCK A320F\nLIM-AQP-LIM\nLA 2123 (09:15-10:50 hrs)\nLA 2124 (11:30-13:10 hrs)\nLCK A320F\nLIM-CJA-LIM\nLA 2295 (14:05-15:30 hrs)\nLA 2294 (16:10-17:15 hrs)","HO FILE","Reentrenamiento A320F\nLIM-CUZ-LIM\nLA 2013 (08:40-10:00 hrs)\nLA 2014 (10:40-12:15 hrs)\nReentrenamiento A320F\nLIM-CIX-LIM\nLA 2312 (13:25-15:00 hrs)\nLA 2313 (15:40-17:00 hrs)","Inicial G6","DO","DO","DO","DO","LCK A320F\nLIM-CUZ-LIM\nLA 2013 (08:40-10:00 hrs)\nLA 2014 (10:40-12:15 hrs)\nReentrenamiento A320F\nLIM-TPP-LIM\nLA 2087 (13:25-14:55 hrs)\nLA 2088 (15:35-17:00 hrs)","Inicial G6","LCK B767\n- LIM-SCL\n- LA 2413 (12:05-15:35 hrs)\nLCK B767\n- SCL-LIM\n- LA 2412 (17:00-20:50 hrs)","RESERVA IET\nTARDE","DO","DO"]},{"dias":["DO","DO","DO","Inicial G6","Inicial G6","Inicial G6","LCK B767\n- LIM-SCL\n- LA 2413 (12:05-15:35 hrs)\nLCK B767\n- SCL-LIM\n- LA 2412 (17:00-20:50 hrs)","REUNIÓN INSTRUCTORES\nTARDE","DO","DO","LCK A320F\nLIM-CIX-LIM\nLA 2274 (09:35-11:10 hrs)\nLA 2275 (11:45-13:05 hrs)\nLCK A320F\nLIM-CUZ-LIM\nLA 2232 (13:55-15:20 hrs)\nLA 2233 (15:55-17:35 hrs)","HO FILE","LCK A320F\nLIM-CUZ-LIM\nLA 2013 (08:40-10:00 hrs)\nLA 2014 (10:40-12:15 hrs)\nLCK A320F\nLIM-CIX-LIM\nLA 2312 (13:25-15:00 hrs)\nLA 2313 (15:40-17:00 hrs)","Inicial G8","DO","VACACIONES","VACACIONES","VACACIONES","VACACIONES","VACACIONES","VACACIONES","VACACIONES","VACACIONES","DO","TALLER VOLUNTARIO DE SEGURIDAD","HABILITACIÓN A320F","Habilitación B767\n- LIM-MIA\n- LA 2694 (13:30-19:35 hrs)","Blanco","LCK B767\n- MIA-LIM\n- LA 2693 (00:45-06:30 hrs)","DO","DO"],"bp":"3852423","nombre":"Gabriela Ungaro"},{"dias":["DO","DO","DO","PD\n- LIM-MIA\n- LA 2694 (13:30-19:35 hrs)","Blanco","LCK B767\n- MIA-LIM\n- LA 2699 (23:15-05:00 hrs)","Inicial G7","Inicial G7","DO","DO","AUDITORIA \nAEP:\nLIM-AEP\nLA 2380 (09:30-14:00 hrs)","AUDITORIA \nAEP:\nAEP-LIM\nLA 2368 (18:05-23:00 hrs)","RESERVA IET\nTARDE","LCK B767\n- LIM-SCL\n- LA 2413 (12:05-15:35 hrs)\nLCK B767\n- SCL-LIM\n- LA 2412 (17:00-20:50 hrs)","DO","VACACIONES","VACACIONES","VACACIONES","VACACIONES","VACACIONES","VACACIONES","VACACIONES","VACACIONES","DO","Inicial G6","Blanco","PD\n- LIM-MIA\n- LA 2480 (00:15-06:20 hrs)","LCK B767\n- MIA-LIM\n- LA 2695 (16:10-22:00 hrs)","Inicial G6\nTARDE","DO","DO"],"bp":"2604360","nombre":"Mariella Carrasco"},{"nombre":"Cesar Campos","bp":"2823133","dias":["DO","DO","DO","DO","HO FILE","Inicial G6","Inicial G6","REUNIÓN INSTRUCTORES","DO","DO","Inicial G6","Reva de Servicio\n(08:30-17:30 hrs)\nDÍA 1","Reva de Servicio\n(08:30-17:30 hrs)\nDÍA 2","HABILITACIÓN A320F","Inicial G6","DO","DO","Inicial G8","Reva de Servicio\n(08:30-17:30 hrs)\nDÍA 1\nSVC 1","Reva de Servicio\n(08:30-17:30 hrs)\nDÍA 2\nSVC 1","RTI: PRÁCTICA\nA320F / B767\n(08:30-17:30 hrs)\nINS APOYO","CERTIFICACIÓN INS EXTERNO","DO","DO","Inicial G8","Inicial G8","Inicial G6","RTI: PRÁCTICA\nA320F / B767\n(08:30-17:30 hrs)\nINS APOYO","CERTIFICACIÓN INS EXTERNO","DO","DO"]},{"dias":["DO","DO","DO","DO","Inicial G7","Inicial G7","RTI: PRÁCTICA\nA320F / B767\n(08:30-17:30 hrs)\nINS APOYO","REUNIÓN INSTRUCTORES","DO","DO","AUDITORIA \nPROCAB","Inicial G6","Inicial G8","Inicial G5","Inicial G5","DO","DO","Inicial G5","Inicial G5","Inicial G5","Inicial G5","CERTIFICACIÓN INS EXTERNO","DO","DO","Inicial G6","Inicial G6","Inicial G7","HO FILE\nPRE IOSA 2026","CERTIFICACIÓN INS EXTERNO","DO","DO"],"bp":"3189967","nombre":"Kevin Segovia"},{"bp":"2415373","dias":["VACACIONES","VACACIONES","VACACIONES","VACACIONES","VACACIONES","VACACIONES","VACACIONES","VACACIONES","VACACIONES","VACACIONES","VACACIONES","VACACIONES","VACACIONES","VACACIONES","VACACIONES","VACACIONES","VACACIONES","VACACIONES","VACACIONES","VACACIONES","VACACIONES","VACACIONES","VACACIONES","VACACIONES","VACACIONES","VACACIONES","VACACIONES","VACACIONES","VACACIONES","DO","DO"],"nombre":"Milagros Salas"},{"dias":["DO","DO","DO","DO","Inicial G6","HO FILE","RTI: PRÁCTICA\nA320F / B767\n(08:30-17:30 hrs)\nINS APOYO","REUNIÓN INSTRUCTORES","DO","DO","Inicial G6","Inicial G6","HABILITACIÓN A320F","Reva de Servicio\n(08:30-17:30 hrs)\nDÍA 1","Reva de Servicio\n(08:30-17:30 hrs)\nDÍA 2","DO","DO","HAB WB","HAB WB","HAB WB","Inicial G6","CERTIFICACIÓN INS EXTERNO","DO","DO","RTI","RTI: VIRTUAL\nA320F / B767\n(08:30-17:30 hrs)\nINS TITULAR\n**Se habilita","RTI","RTI: VIRTUAL\nA320F / B767\n(08:30-17:30 hrs)\nINS TITULAR\n**Se habilita","CERTIFICACIÓN INS EXTERNO","DO","DO"],"bp":"2440915","nombre":"Judith Fernandez"},{"dias":["SICK","SICK","SICK","SICK","SICK","SICK","SICK","SICK","SICK","SICK","SICK","SICK","SICK","SICK","SICK","SICK","SICK","SICK","SICK","SICK","SICK","SICK","SICK","SICK","SICK","SICK","SICK","SICK","SICK","SICK","SICK"],"nombre":"Rafael Nieto","bp":"3796947"},{"bp":"3841387","dias":["DO","DO","DO","RTI","RTI: VIRTUAL\nA320F / B767\n(08:30-17:30 hrs)\nINS TITULAR\n**Se habilita","RTI","RTI: VIRTUAL\nA320F / B767\n(08:30-17:30 hrs)\nINS TITULAR\n**Se habilita","HABILITACIÓN A320F","DO","DO","HAB WB","HAB WB","HAB WB","RTI: VIRTUAL\nDaniel Espinoza","Inicial G6","DO","DO","DO","DO","HO FILE","RTI: PRÁCTICA\nA320F / B767\n(08:30-17:30 hrs)\nINS APOYO","CERTIFICACIÓN INS EXTERNO","DO","DO","Inicial G6","Inicial G6","Reunión de Embajadores","RTI: PRÁCTICA\nA320F / B767\n(08:30-17:30 hrs)\nINS APOYO","CERTIFICACIÓN INS EXTERNO","DO","DO"],"nombre":"Gianfranco Celiz"}],"fuente":"10 - Rol_Instructores_LP_OCTUBRE_1.xlsx","mes":"2026-05","hoja":"MAYO"} | C6: 46296.54
A7: 2026-06 | B7: {"hoja":"Junio","mes":"2026-06","fuente":"10 - Rol_Instructores_LP_OCTUBRE_1.xlsx","instructores":[{"bp":"2713993","nombre":"Fiorella Ruiz","dias":["AUDITORÍA CARPETAS TÉCNICAS","TTT REVA SVC 2026\nALUMNO","RTI: PRÁCTICA\nA320F / B767 / B787\n(08:30-17:30 hrs)\nINS APOYO","RTI: PRÁCTICA\nA320F / B767 / B787\n(08:30-17:30 hrs)\nINS APOYO","CURSO CRM IDE","FDS","FDS","PD\n- LIM-MIA\n- LA 2694 (13:30-19:35 hrs)","Blanco","LCK B767\n- MIA-LIM\n- LA 2699 (23:15-05:00 hrs)","LCK B787\n- LIM-SCL\n- LA 2697 (09:35-13:00 hrs)\nHabilitación B787\n- SCL-LIM\n- LA 2696 (16:00-19:45 hrs)","REUNIÓN INSTRUCTORES\nTARDE","FDS","FDS","PD\n- LIM-MIA\n- LA 2694 (13:30-19:35 hrs)","Blanco","LCK B767\n- MIA-LIM\n- LA 2699 (23:15-05:00 hrs)","LCK B787\n- LIM-SCL\n- LA 2697 (09:35-13:00 hrs)\nReentrenamiento B787\n- SCL-LIM\n- LA 2696 (16:00-19:45 hrs)","HO FILE\nTARDE","FDS","FDS","Blanco","PD\n- LIM-MIA\n- LA 2480 (00:15-06:20 hrs)","LCK B767\n- MIA-LIM\n- LA 2481 (15:55-21:40 hrs)","HO FILE\nTARDE","CURSO REFRESCO IDE","FDS","FDS","FERIADO","PREPARACIÓN IOSA 2026"]},{"nombre":"Sebastian Correa","bp":"2396710","dias":["VACACIONES","VACACIONES","VACACIONES","VACACIONES","VACACIONES","VACACIONES","VACACIONES","VACACIONES","TTT REVA SVC 2026\nALUMNO","LCK B787\n- LIM-SCL\n- LA 2697 (09:35-13:00 hrs)\nLCK B787\n- SCL-LIM\n- LA 2696 (16:00-19:45 hrs)","HO FILE\nTARDE","LCK B787\n- LIM-SCL\n- LA 2697 (09:35-13:00 hrs)\nLCK B787\n- SCL-LIM\n- LA 2696 (16:00-19:45 hrs)","FDS","FDS","Blanco","PD\n- LIM-MIA\n- LA 2480 (00:15-06:20 hrs)","LCK B767\n- MIA-LIM\n- LA 2481 (15:55-21:40 hrs)","HO FILE\nTARDE","LCK B787\n- LIM-SCL\n- LA 2697 (09:35-13:00 hrs)\nLCK B787\n- SCL-LIM\n- LA 2696 (16:00-19:45 hrs)","FDS","FDS","HABILITACIÓN A320F\nLIM-CIX-LIM\nLA 2274 (09:35-11:10 hrs)\nLA 2275 (11:45-13:05 hrs)","TTT CRM 2026\nALUMNO","RTI: PRÁCTICA\nA320F / B767 / B787\n(08:30-17:30 hrs)\nINS APOYO","LCK B787\n- LIM-SCL\n- LA 2697 (09:35-13:00 hrs)\nLCK B787\n- SCL-LIM\n- LA 2696 (16:00-19:45 hrs)","RESERVA IET\nTARDE","FDS","FDS","FERIADO","LCK B787\n- LIM-SCL\n- LA 2697 (09:35-13:00 hrs)\nLCK B787\n- SCL-LIM\n- LA 2696 (16:00-19:45 hrs)"]},{"dias":["Backup JB","Backup JB","Backup JB","Backup JB","Backup JB","FDS","FDS","Inicial G7","Inicial G7","TTT CRM 2026\nALUMNO","HO FILE","Chequeo DGAC B767\n- LIM-SCL\n- LA 2413 (12:05-15:35 hrs)\nChequeo DGAC B767\n- SCL-LIM\n- LA 2412 (17:00-20:50 hrs)","FDS","FDS","HABILITACIÓN A320F\nLIM-PIU-LIM\nLA 2306 (09:30-11:15 hrs)\nLA 2307 (11:55-13:25 hrs)","CEREMONIA EDS","CEREMONIA EDS","CEREMONIA EDS","CEREMONIA EDS","FDS","FDS","PD\n- LIM-MIA\n- LA 2694 (13:30-19:35 hrs)","Blanco","LCK B767\n- MIA-LIM\n- LA 2699 (23:15-05:00 hrs)","CUMP","Chequeo DGAC B767\n- LIM-SCL\n- LA 2413 (12:05-15:35 hrs)\nChequeo DGAC B767\n- SCL-LIM\n- LA 2412 (17:00-20:50 hrs)","FDS","FDS","FERIADO","RESERVA IET"],"nombre":"Christian Rondon","bp":"1271571"},{"dias":["LCK B767\n- LIM-MIA\n- LA 2698 (08:15-14:20 hrs)","PD\n- MIA-LIM\n- LA 2481 (15:55-21:40 hrs)","RESERVA IET\nTARDE","LCK B767\n- LIM-SCL\n- LA 2413 (12:05-15:35 hrs)\nChequeo LATAM B767\n- SCL-LIM\n- LA 2412 (17:00-20:50 hrs)","DO","DO","DO","DO","LCK B767\n- LIM-MIA\n- LA 2698 (08:15-14:20 hrs)","Blanco","Reentrenamiento B787\n- MIA-LIM\n- LA 2699 (23:15-05:00 hrs)","REUNIÓN INSTRUCTORES","DO","DO","HABILITACIÓN A320F","LCK B767\n- LIM-MIA\n- LA 2698 (08:15-14:20 hrs)","Blanco","PD\n- MIA-LIM\n- LA 2699 (23:15-05:00 hrs)","RENOVACIÓN IDE A320F\nLIM-AQP-LIM\nLA 2109 (10:30-12:05 hrs)\nLA 2108 (12:40-14:20 hrs)","DO","DO","VUELO CUN EDS","VUELO CUN EDS","VUELO CUN EDS","LCK B767\n- LIM-SCL\n- LA 2413 (12:05-15:35 hrs)\nChequeo LATAM B767\n- SCL-LIM\n- LA 2412 (17:00-20:50 hrs)","HO FILE\nTARDE","DO","DO","DO","PREPARACIÓN IOSA 2026"],"bp":"2843319","nombre":"Karen Santa Cruz"},{"dias":["VACACIONES","VACACIONES","VACACIONES","VACACIONES","VACACIONES","VACACIONES","VACACIONES","VACACIONES","VACACIONES","VACACIONES","VACACIONES","VACACIONES","VACACIONES","VACACIONES","VACACIONES","TTT REVA SVC 2026\nALUMNO","Blanco","PD\n- LIM-MIA\n- LA 2480 (00:15-06:20 hrs)","LCK B767\n- MIA-LIM\n- LA 2481 (15:55-21:40 hrs)","DO","DO","HO FILE","HB6\nCurso B767\n(08:30-17:30hrs)","RESERVA IET","RESERVA IET","TTT CRM 2026\nALUMNO","DO","DO","DO","HAB B787"],"nombre":"Jennifert Acurio","bp":"3779550"},{"nombre":"Jazmin Guerra","dias":["VACACIONES","VACACIONES","VACACIONES","VACACIONES","VACACIONES","VACACIONES","VACACIONES","Inicial G7","TTT REVA SVC 2026\nINSTRUCTOR","Inicial G7","LCK ALUMNO+ HAB A320","REUNIÓN INSTRUCTORES","DO","DO","Inicial G7","Blanco","Recalificación B767\n- LIM-MIA\n- LA 2480 (00:15-06:20 hrs)","LCK B767\n- MIA-LIM\n- LA 2695 (16:10-22:00 hrs)","RESERVA IET\nTARDE","DO","DO","HB6\nCurso B767\n(08:30-17:30hrs)","LCK B767\n- LIM-MIA\n- LA 2698 (08:15-14:20 hrs)","Blanco","Recalificación B767\n- MIA-LIM\n- LA 2699 (23:15-05:00 hrs)","TTT CRM 2026\nALUMNO","DO","DO","DO","HO FILE"],"bp":"29530"},{"bp":"3217561","dias":["HO FILE\nSolicitado JB","HO FILE\nSolicitado JB","HO FILE\nSolicitado JB","HO FILE","Inicial G7","DO","DO","TTT CRM 2026\nALUMNO","TTT REVA SVC 2026\nALUMNO","Inicial G8","LCK B767\n- LIM-SCL\n- LA 2413 (12:05-15:35 hrs)\nChequeo LATAM B767\n- SCL-LIM\n- LA 2412 (17:00-20:50 hrs)","REUNIÓN INSTRUCTORES\nTARDE","DO","DO","LCK B767\n- LIM-MIA\n- LA 2698 (08:15-14:20 hrs)","Reentrenamiento B767\n- MIA-LIM\n- LA 2695 (16:10-22:00 hrs)","RESERVA IET\nTARDE","HABILITACIÓN A320F","LCK B767\n- LIM-SCL\n- LA 2413 (12:05-15:35 hrs)\nChequeo LATAM B767\n- SCL-LIM\n- LA 2412 (17:00-20:50 hrs)","DO","DO","LCK B767\n- LIM-MIA\n- LA 2698 (08:15-14:20 hrs)","PD\n- MIA-LIM\n- LA 2695 (16:10-22:00 hrs)","HO FILE\nTARDE","Inicial G8","LCK B767\n- LIM-SCL\n- LA 2413 (12:05-15:35 hrs)\nChequeo LATAM B767\n- SCL-LIM\n- LA 2412 (17:00-20:50 hrs)","DO","DO","DO","DO"],"nombre":"Claudia Flores"},{"nombre":"Karla Moz","bp":"71348","dias":["LP","LP","LP","LP","LP","LP","LP","LP","LP","LP","LP","LP","LP","LP","LP","LP","LP","LP","LP","LP","LP","LP","LP","LP","LP","LP","LP","LP","LP","LP"]},{"bp":"967092","dias":["TTT CRM 2026\nALUMNO","RTI: VIRTUAL\nA320F / B767 / B787\n(08:30-17:30 hrs)\nINS TITULAR","RTI: PRÁCTICA\nA320F / B767 / B787\n(08:30-17:30 hrs)\nINS TITULAR","RTI: PRÁCTICA\nA320F / B767 / B787\n(08:30-17:30 hrs)\nINS TITULAR","Inicial G7","DO","DO","Inicial G8","Inicial G7","Inicial G7","RESERVA IET","REUNIÓN INSTRUCTORES","DO","DO","HB6\nCurso B767\n(08:30-17:30hrs)","HB6\nCurso B767\n(08:30-17:30hrs)","Inicial G7","Inicial G7","RESERVA IET","DO","DO","HO FILE","RTI: VIRTUAL\nA320F / B767 / B787\n(08:30-17:30 hrs)\nINS TITULAR","RTI: PRÁCTICA\nA320F / B767 / B787\n(08:30-17:30 hrs)\nINS TITULAR","RTI: PRÁCTICA\nA320F / B767 / B787\n(08:30-17:30 hrs)\nINS TITULAR","Inicial G8","DO","DO","DO","DO"],"nombre":"Erika Dávila"},{"bp":"2369641","dias":["Inicial G7","TTT REVA SVC 2026\nINSTRUCTOR","LCK A320F\nLIM-CUZ-LIM\nLA 2013 (08:40-10:00 hrs)\nLA 2014 (10:40-12:15 hrs)\nLCK A320F\nLIM-CUZ-LIM\nLA 2028 (13:25-14:50 hrs)\nLA 2029 (15:30-17:10 hrs)","Inicial G8","LCK B767\n- LIM-SCL\n- LA 2413 (12:05-15:35 hrs)\nChequeo LATAM B767\n- SCL-LIM\n- LA 2412 (17:00-20:50 hrs)","DO","DO","LCK B767\n- LIM-MIA\n- LA 2698 (08:15-14:20 hrs)","Chequeo LATAM B767\n- MIA-LIM\n- LA 2695 (16:10-22:00 hrs)","RESERVA IET\nTARDE","HO FILE","LCK B767\n- LIM-SCL\n- LA 2413 (12:05-15:35 hrs)\nChequeo LATAM B767\n- SCL-LIM\n- LA 2412 (17:00-20:50 hrs)","DO","DO","Inicial G8","Inicial G7","HB6\nCurso B767\n(08:30-17:30hrs)","LCK B767\n- LIM-SCL\n- LA 2413 (12:05-15:35 hrs)\nChequeo LATAM B767\n- SCL-LIM\n- LA 2412 (17:00-20:50 hrs)","RESERVA IET\nTARDE","DO","DO","RESERVA IET","VACACIONES","VACACIONES","VACACIONES","VACACIONES","VACACIONES","VACACIONES","VACACIONES","VACACIONES"],"nombre":"Elizabeth Torres"},{"dias":["Inicial G7","TTT REVA SVC 2026\nALUMNO","HO FILE","LCK A320F\nLIM-CUZ-LIM\nLA 2013 (08:40-10:00 hrs)\nLA 2014 (10:40-12:15 hrs)\nLCK A320F\nLIM-CUZ-LIM\nLA 2028 (13:25-14:50 hrs)\nLA 2029 (15:30-17:10 hrs)","Inicial G8","DO","DO","Blanco","PD\n- LIM-MIA\n- LA 2480 (00:15-06:20 hrs)","LCK B767\n- MIA-LIM\n- LA 2481 (15:55-21:40 hrs)","RESERVA IET\nTARDE","REUNIÓN INSTRUCTORES","DO","DO","Reentrenamiento A320F\nLIM-CUZ-LIM\nLA 2013 (08:40-10:00 hrs)\nLA 2014 (10:35-12:10 hrs)\nLCK A320F\nLIM-PIU-LIM\nLA 2308 (13:00-14:45 hrs)\nLA 2309 (15:20-16:50 hrs)","Inicial G8","PD\n- LIM-MIA\n- LA 2694 (13:30-19:35 hrs)","Blanco","LCK B767\n- MIA-LIM\n- LA 2699 (23:15-05:00 hrs)","DO","DO","Inicial G7","Reunión de Embajadores","LCK ALUMNO+ HAB A320","HO FILE","DO","DO","DO","DO","PREPARACIÓN IOSA 2026"],"nombre":"Patricia Najar","bp":"2369624"},{"dias":["TTT CRM 2026\nALUMNO","TTT REVA SVC 2026\nALUMNO","PD\n- LIM-MIA\n- LA 2694 (13:30-19:35 hrs)","Blanco","LCK B767\n- MIA-LIM\n- LA 2699 (23:15-05:00 hrs)","DO","DO","LCK A320F\nLIM-CUZ-LIM\nLA 2013 (08:40-10:00 hrs)\nLA 2014 (10:35-12:10 hrs)\nLCK A320F\nLIM-PIU-LIM\nLA 2308 (13:00-14:45 hrs)\nLA 2309 (15:20-16:50 hrs)","Inicial G8","LCK A320F\nLIM-CUZ-LIM\nLA 2013 (08:40-10:00 hrs)\nLA 2014 (10:40-12:15 hrs)\nLCK A320F\nLIM-CUZ-LIM\nLA 2028 (13:25-14:50 hrs)\nLA 2029 (15:30-17:10 hrs)","Chequeo DGAC B767\n- LIM-SCL\n- LA 2413 (12:05-15:35 hrs)\nChequeo DGAC B767\n- SCL-LIM\n- LA 2412 (17:00-20:50 hrs)","REUNIÓN INSTRUCTORES\nTARDE","DO","DO","LCK A320F\nLIM-AQP-LIM\nLA 2123 (09:15-10:50 hrs)\nLA 2124 (11:30-13:10 hrs)\nLCK A320F\nLIM-CJA-LIM\nLA 2295 (14:05-15:30 hrs)\nLA 2294 (16:10-17:15 hrs)","HO FILE","Recalificación A320F\nLIM-CUZ-LIM\nLA 2013 (08:40-10:00 hrs)\nLA 2014 (10:40-12:15 hrs)\nLCK A320F\nLIM-CUZ-LIM\nLA 2028 (13:25-14:50 hrs)\nLA 2029 (15:30-17:10 hrs)","Chequeo DGAC B767\n- LIM-SCL\n- LA 2413 (12:05-15:35 hrs)\nChequeo DGAC B767\n- SCL-LIM\n- LA 2412 (17:00-20:50 hrs)","RESERVA IET\nTARDE","DO","DO","LCK A320F\nLIM-CUZ-LIM\nLA 2013 (08:40-10:00 hrs)\nLA 2014 (10:35-12:10 hrs)\nLCK A320F\nLIM-PIU-LIM\nLA 2308 (13:00-14:45 hrs)\nLA 2309 (15:20-16:50 hrs)","TTT CRM 2026\nINSTRUCTOR","LCK A320F\nLIM-CUZ-LIM\nLA 2013 (08:40-10:00 hrs)\nLA 2014 (10:40-12:15 hrs)\nLCK A320F\nLIM-CUZ-LIM\nLA 2028 (13:25-14:50 hrs)\nLA 2029 (15:30-17:10 hrs)","Chequeo DGAC B767\n- LIM-SCL\n- LA 2413 (12:05-15:35 hrs)\nChequeo DGAC B767\n- SCL-LIM\n- LA 2412 (17:00-20:50 hrs)","DO","DO","DO","DO","Recalificación A320F\nLIM-CUZ-LIM\nLA 2013 (08:40-10:00 hrs)\nLA 2014 (10:40-12:15 hrs)\nLCK A320F\nLIM-IQT-LIM\nLA 2234 (13:35-15:30 hrs)\nLA 2235 (16:05-17:55 hrs)"],"nombre":"Javier Zapata","bp":"3134911"},{"nombre":"Jefferson Mendez","bp":"3750335","dias":["TTT CRM 2026\nALUMNO","TTT REVA SVC 2026\nALUMNO","Inicial G7","HO FILE","LCK A320F\nLIM-CUZ-LIM\nLA 2007 (09:10-10:35 hrs)\nLA 2008 (11:20-12:55 hrs)\nLCK A320F\nLIM-AQP-LIM\nLA 2055 (13:50-15:35 hrs)\nLA 2056 (16:10-17:50 hrs)","DO","DO","Inicial G6","LCK A320F\nLIM-CUZ-LIM\nLA 2007 (09:10-10:35 hrs)\nLA 2008 (11:20-12:55 hrs)\nLCK A320F\nLIM-AQP-LIM\nLA 2055 (13:50-15:35 hrs)\nLA 2056 (16:10-17:50 hrs)","RESERVA IET","LCK A320F\nLIM-CUZ-LIM\nLA 2013 (08:40-10:00 hrs)\nLA 2014 (10:40-12:15 hrs)\nLCK A320F\nLIM-CUZ-LIM\nLA 2028 (13:25-14:50 hrs)\nLA 2029 (15:30-17:10 hrs)","REUNIÓN INSTRUCTORES","DO","DO","TALLER VOLUNTARIO DE SEGURIDAD","LCK A320F\nLIM-CUZ-LIM\nLA 2013 (08:40-10:00 hrs)\nLA 2014 (10:40-12:15 hrs)\nLCK A320F\nLIM-CUZ-LIM\nLA 2028 (13:25-14:50 hrs)\nLA 2029 (15:30-17:10 hrs)","Inicial G8","Inicial G8","LCK A320F\nLIM-CUZ-LIM\nLA 2013 (08:40-10:00 hrs)\nLA 2014 (10:40-12:15 hrs)\nLCK A320F\nLIM-CUZ-LIM\nLA 2028 (13:25-14:50 hrs)\nLA 2029 (15:30-17:10 hrs)","DO","DO","Inicial G8","LCK A320F\nLIM-CUZ-LIM\nLA 2013 (08:40-10:00 hrs)\nLA 2014 (10:40-12:15 hrs)\nLCK A320F\nLIM-CUZ-LIM\nLA 2028 (13:25-14:50 hrs)\nLA 2029 (15:30-17:10 hrs)","RESERVA IET","Reentrenamiento A320F\nLIM-AQP-LIM\nLA 2123 (09:15-10:50 hrs)\nLA 2124 (11:30-13:10 hrs)\nLCK A320F\nLIM-TPP-LIM\nLA 2087 (14:00-15:30 hrs)\nLA 2088 (16:05-17:30 hrs)","DO","DO","DO","DO","RESERVA IET"]},{"bp":"3852423","nombre":"Gabriela Ungaro","dias":["Inicial G8","TTT REVA SVC 2026\nALUMNO","Inicial G8","Inicial G7","CURSO CRM IDE","DO","DO","TTT CRM 2026\nALUMNO","RESERVA IET","HO FILE","Inicial G8","REUNIÓN INSTRUCTORES","DO","DO","RESERVA IET","VACACIONES","VACACIONES","VACACIONES","VACACIONES","VACACIONES","VACACIONES","VACACIONES","RESERVA IET","CUMP","CUMP","CURSO REFRESCO IDE","DO","DO","DO","DO"]},{"dias":["TTT CRM 2026\nALUMNO","Inicial G8","HO FILE","Inicial G7","CURSO CRM IDE","DO","DO","TALLER VOLUNTARIO DE SEGURIDAD","TTT REVA SVC 2026\nALUMNO","RESERVA IET","LCK A320F\nLIM-AQP-LIM\nLA 2123 (09:15-10:50 hrs)\nLA 2124 (11:30-13:10 hrs)\nLCK A320F\nLIM-TPP-LIM\nLA 2087 (14:00-15:30 hrs)\nLA 2088 (16:05-17:30 hrs)","DO","DO","DO","DO","Reva de Servicio\n(08:30-17:30 hrs)\nDÍA 1","HB6\nCurso B767\n(08:30-17:30hrs)","Reva de Servicio\n(08:30-17:30 hrs)\nDÍA 1\nSVC 1","Inicial G8","DO","DO","TALLER VOLUNTARIO DE SEGURIDAD","LCK A320F\nLIM-AQP-LIM\nLA 2123 (09:15-10:50 hrs)\nLA 2124 (11:30-13:10 hrs)\nLCK A320F\nLIM-TPP-LIM\nLA 2087 (14:00-15:30 hrs)\nLA 2088 (16:05-17:30 hrs)","RESERVA IET","LCK A320F\nLIM-CUZ-LIM\nLA 2013 (08:40-10:00 hrs)\nLA 2014 (10:40-12:15 hrs)\nLCK A320F\nLIM-CUZ-LIM\nLA 2028 (13:25-14:50 hrs)\nLA 2029 (15:30-17:10 hrs)","CURSO REFRESCO IDE","DO","DO","DO","PREPARACIÓN IOSA 2026"],"nombre":"Mariella Carrasco","bp":"2604360"},{"dias":["TTT CRM 2026\nINSTRUCTOR","Inicial G7","RTI: VIRTUAL\nA320F / B767\n(08:30-17:30 hrs)\nINS TITULAR","Inicial G6","RTI: VIRTUAL\nA320F / B767\n(08:30-17:30 hrs)\nINS TITULAR","DO","DO","HAB WB","HAB WB","HAB WB","HO FILE","RTI: PRÁCTICA\nA320F / B767\n(08:30-17:30 hrs)\nINS APOYO","DO","DO","TTT REVA SVC 2026\nALUMNO","VACACIONES","VACACIONES","VACACIONES","VACACIONES","VACACIONES","VACACIONES","VACACIONES","VACACIONES","VACACIONES","VACACIONES","VACACIONES","VACACIONES","VACACIONES","VACACIONES","VACACIONES"],"nombre":"Cesar Campos","bp":"2823133"},{"dias":["VACACIONES","VACACIONES","VACACIONES","VACACIONES","VACACIONES","VACACIONES","VACACIONES","TTT CRM 2026\nALUMNO","RESERVA IET","RTI: VIRTUAL\nA320F / B767\n(08:30-17:30 hrs)\nINS TITULAR","RESERVA IET","RTI: VIRTUAL\nA320F / B767\n(08:30-17:30 hrs)\nINS TITULAR","DO","DO","TTT REVA SVC 2026\nALUMNO","CURSO ESTANDARIZACIÓN","RESERVA IET","RTI: PRÁCTICA\nA320F / B767\n(08:30-17:30 hrs)\nINS APOYO","Inicial G7","DO","DO","HO FILE","Reunión de Embajadores","RESERVA IET","HABILITACIÓN A320F","Reva de Servicio\n(08:30-17:30 hrs)\nDÍA 1","DO","DO","DO","PREPARACIÓN IOSA 2026"],"nombre":"Kevin Segovia","bp":"3189967"},{"dias":["TTT CRM 2026\nALUMNO","Inicial G6","Inicial G7","RESERVA IET","RTI: PRÁCTICA\nA320F / B767\n(08:30-17:30 hrs)\nINS APOYO","DO","DO","TALLER VOLUNTARIO DE SEGURIDAD","RTI: VIRTUAL\nA320F / B767\n(08:30-17:30 hrs)\nINS TITULAR","Inicial G6","RTI: VIRTUAL\nA320F / B767\n(08:30-17:30 hrs)\nINS TITULAR","REUNIÓN INSTRUCTORES","DO","DO","TTT REVA SVC 2026\nINSTRUCTOR","TTT REVA SVC 2026\nINSTRUCTOR","HO FILE","RTI: PRÁCTICA\nA320F / B767\n(08:30-17:30 hrs)\nINS APOYO","HABILITACIÓN A320F","DO","DO","HANDS ON B767","Inicial G8","RESERVA IET","RTI: PRÁCTICA\nA320F / B767 / B787\n(08:30-17:30 hrs)\nINS APOYO","DO","DO","DO","DO","Reva de Servicio\n(08:30-17:30 hrs)\nDÍA 1"],"nombre":"Milagros Salas","bp":"2415373"},{"bp":"2440915","dias":["RESERVA IET","Inicial G7","Inicial G6","RESERVA IET","RTI: PRÁCTICA\nA320F / B767\n(08:30-17:30 hrs)\nINS APOYO","DO","DO","TTT CRM 2026\nINSTRUCTOR","Inicial G6","TTT CRM 2026\nINSTRUCTOR","RTI: PRÁCTICA\nA320F / B767\n(08:30-17:30 hrs)\nINS APOYO","Reva de Servicio\n(08:30-17:30 hrs)\nDÍA 1","DO","DO","TALLER VOLUNTARIO DE SEGURIDAD","HANDS ON B767","HO FILE","Reva de Servicio\n(08:30-17:30 hrs)\nDÍA 1\nSVC 2","RESERVA IET","DO","DO","RESERVA IET","Reva de Servicio\n(08:30-17:30 hrs)\nDÍA 1","HB6\nCurso B767\n(08:30-17:30hrs)","Inicial G8","DO","DO","DO","DO","LCK ALUMNA"],"nombre":"Judith Fernandez"},{"nombre":"Rafael Nieto","bp":"3796947","dias":["SICK","SICK","SICK","SICK","SICK","SICK","SICK","SICK","SICK","SICK","SICK","SICK","SICK","SICK","SICK","SICK","SICK","SICK","SICK","SICK","SICK","SICK","SICK","SICK","SICK","SICK","SICK","SICK","DO","SICK"]},{"bp":"3841387","dias":["VACACIONES","VACACIONES","VACACIONES","VACACIONES","VACACIONES","VACACIONES","VACACIONES","RESERVA IET","HABILITACIÓN A320F","Inicial G6","RTI: PRÁCTICA\nA320F / B767\n(08:30-17:30 hrs)\nINS APOYO","REUNIÓN INSTRUCTORES","DO","DO","TTT REVA SVC 2026\nALUMNO","RTI: VIRTUAL\nA320F / B767\n(08:30-17:30 hrs)\nINS TITULAR","Reva de Servicio\n(08:30-17:30 hrs)\nDÍA 1","RTI: VIRTUAL\nA320F / B767\n(08:30-17:30 hrs)\nINS TITULAR","Reva de Servicio\n(08:30-17:30 hrs)\nDÍA 1","DO","DO","TALLER VOLUNTARIO DE SEGURIDAD","HO FILE","HB6\nCurso B767\n(08:30-17:30hrs)","Reva de Servicio\n(08:30-17:30 hrs)\nDÍA 1","TTT CRM 2026\nINSTRUCTOR","DO","DO","DO","RESERVA IET"],"nombre":"Gianfranco Celiz"}]} | C7: 46296.54
A8: 2026-07 | B8: {"fuente":"Rol_Instructores_LP_AGOSTO.xlsx","mes":"2026-07","hoja":"JULIO","instructores":[{"nombre":"Fiorella Ruiz","bp":"2713993","dias":["PREPARACIÓN IOSA 2026","RRVV\nALUMNO","HO FILE","FDS","FDS","Auditoría de Carpetas Técnicas/ entrenamiento","LCK B787\n- LIM-SCL\n- LA 2697 (09:35-13:00 hrs)\nLCK B787\n- SCL-LIM\n- LA 2696 (16:00-19:45 hrs)","RESERVA IET\nTARDE","RESERVA IET","REUNIÓN INSTRUCTORES","FDS","FDS","HANDS ON B787","RESERVA IET","RESERVA IET","DESAYUNO SAB","CURSO REFRESCO IDE","FDS","FDS","VACACIONES","LCK B787\n- LIM-SCL\n- LA 2697 (09:35-13:00 hrs)\nLCK B787\n- SCL-LIM\n- LA 2696 (16:00-19:45 hrs)","RESERVA IET\nTARDE","FERIADO","RTI: PRÁCTICA\nA320F / B767\n(08:30-17:30 hrs)\nINS APOYO","FDS","FDS","LCK B787\n- LIM-SCL\n- LA 2697 (09:35-13:00 hrs)\nLCK B787\n- SCL-LIM\n- LA 2696 (16:00-19:45 hrs)","FERIADO","FERIADO","PREPARACIÓN IOSA 2026","PREPARACIÓN IOSA 2026"]},{"bp":"2396710","dias":["RESERVA IET\nTARDE","BAJADA CRM","Inicial G8","FDS","FDS","HO FILE","RRVV\nALUMNO","LCK B787\n- LIM-SCL\n- LA 2697 (09:35-13:00 hrs)\nLCK B787\n- SCL-LIM\n- LA 2696 (16:00-19:45 hrs)","RESERVA IET\nTARDE","REUNIÓN INSTRUCTORES","FDS","FDS","LCK B787\n- LIM-SCL\n- LA 2697 (09:35-13:00 hrs)\nLCK B787\n- SCL-LIM\n- LA 2696 (16:00-19:45 hrs)","RESERVA IET\nTARDE","Blanco","LCK B767\n- LIM-MIA\n- LA 2480 (00:15-06:20 hrs)","Chequeo LATAM B767\n- MIA-LIM\n- LA 2481 (15:55-21:40 hrs)","FDS","FDS","LCK B787\n- LIM-SCL\n- LA 2697 (09:35-13:00 hrs)\nLCK B787\n- SCL-LIM\n- LA 2696 (16:00-19:45 hrs)","RESERVA IET\nTARDE","RESERVA IET","FERIADO","RTI: PRÁCTICA\nA320F / B767\n(08:30-17:30 hrs)\nINS APOYO","FDS","FDS","Inicial G8","FERIADO","FERIADO","Chequeo DGAC B767\n- LIM-SCL\n- LA 2413 (12:05-15:35 hrs)\nChequeo DGAC B767\n- SCL-LIM\n- LA 2412 (17:00-20:50 hrs)","RESERVA IET\nTARDE"],"nombre":"Sebastian Correa"},{"nombre":"Christian Rondon","dias":["LCK B767\n- LIM-MIA\n- LA 2694 (13:30-19:35 hrs)","Blanco","PD\n- MIA-LIM\n- LA 2699 (23:15-05:00 hrs)","FDS","FDS","LCK A320F\nLIM-CUZ-LIM\nLA 2013 (08:40-10:00 hrs)\nLA 2014 (10:40-12:15 hrs)\nLCK A320F\nLIM-CUZ-LIM\nLA 2028 (13:25-14:50 hrs)\nLA 2029 (15:30-17:05 hrs)","Inicial G9","Inicial G9","HO FILE","REUNIÓN INSTRUCTORES","FDS","FDS","HO FILE","LCK A320F\nLIM-CUZ-LIM\nLA 2013 (08:40-10:00 hrs)\nLA 2014 (10:40-12:15 hrs)\nLCK A320F\nLIM-CUZ-LIM\nLA 2028 (13:25-14:50 hrs)\nLA 2029 (15:30-17:05 hrs)","RRVV\nALUMNO","LCK B767\n- LIM-SCL\n- LA 2413 (12:05-15:35 hrs)\nLCK B767\n- SCL-LIM\n- LA 2412 (17:00-20:50 hrs)","RESERVA IET\nTARDE","FDS","FDS","Inicial G8","Inicial G8","Inicial G8","FERIADO","LCK B767\n- LIM-SCL\n- LA 2413 (12:05-15:35 hrs)\nLCK B767\n- SCL-LIM\n- LA 2412 (17:00-20:50 hrs)","FDS","FDS","Inicial G9","FERIADO","FERIADO","LCK A320F\nLIM-CUZ-LIM\nLA 2013 (08:40-10:00 hrs)\nLA 2014 (10:40-12:15 hrs)\nLCK A320F\nLIM-CUZ-LIM\nLA 2028 (13:25-14:50 hrs)\nLA 2029 (15:30-17:05 hrs)","RESERVA IET"],"bp":"1271571"},{"bp":"2843319","dias":["PREPARACIÓN IOSA 2026","BAJADA CRM","BAJADA TTT SVC","DO","DO","Vuelo Auditoría\n- LIM-LAX\n- LA 2476 (12:00-21:00 hrs)","Blanco","Vuelo Auditoría\n- LAX-LIM\n- LA 2477 (23:30-08:05 hrs)","RESERVA IET","REUNIÓN INSTRUCTORES","DO","DO","HAB B787","HO FILE\nTARDE","RRVV\nALUMNO","Chequeo DGAC B767\n- LIM-SCL\n- LA 2413 (12:05-15:35 hrs)\nChequeo DGAC B767\n- SCL-LIM\n- LA 2412 (17:00-20:50 hrs)","HO FILE\nTARDE","DO","DO","VACACIONES","VACACIONES","VACACIONES","VACACIONES","VACACIONES","VACACIONES","VACACIONES","VACACIONES","VACACIONES","VACACIONES","VACACIONES","VACACIONES"],"nombre":"Karen Santa Cruz"},{"dias":["RESERVA IET\nTARDE","HO FILE","Inicial G9","DO","DO","Inicial G8","Blanco","LCK B767\n- LIM-MIA\n- LA 2480 (00:15-06:20 hrs)","Chequeo LATAM B767\n- MIA-LIM\n- LA 2695 (16:10-22:00 hrs)","REUNIÓN INSTRUCTORES\nTARDE","DO","DO","Blanco","LCK B767\n- LIM-MIA\n- LA 2480 (00:15-06:20 hrs)","Chequeo LATAM B767\n- MIA-LIM\n- LA 2481 (15:55-21:40 hrs)","RESERVA IET\nTARDE","HAB 320","DO","DO","Renovación IDE B767\n- LIM-MIA\n- LA 2698 (08:15-14:20 hrs)","Renovación IDE B767\n- MIA-LIM\n- LA 2695 (16:10-22:00 hrs)","RESERVA IET\nTARDE","DO","DO","DO","DO","RESERVA IET","DO","DO","LCK B767\n- LIM-SCL\n- LA 2413 (12:05-15:35 hrs)\nLCK B767\n- SCL-LIM\n- LA 2412 (17:00-20:50 hrs)","RESERVA IET\nTARDE"],"bp":"3779550","nombre":"Jennifert Acurio"},{"bp":"29530","nombre":"Jazmin Guerra","dias":["RESERVA IET","RESERVA IET","RESERVA IET","DO","DO","Inicial G8","LCK A320F\nLIM-CUZ-LIM\nLA 2013 (08:40-10:00 hrs)\nLA 2014 (10:40-12:15 hrs)\nLCK A320F\nLIM-CUZ-LIM\nLA 2028 (13:25-14:50 hrs)\nLA 2029 (15:30-17:05 hrs)","RESERVA IET","LCK A320F\nLIM-CUZ-LIM\nLA 2007 (09:10-10:35 hrs)\nLA 2008 (11:20-12:55 hrs)\nLCK A320F\nLIM-TPP-LIM\nLA 2087 (14:00-15:30 hrs)\nLA 2088 (16:10-17:35 hrs)","REUNIÓN INSTRUCTORES","DO","DO","LCK A320F\nLIM-CUZ-LIM\nLA 2013 (08:40-10:00 hrs)\nLA 2014 (10:40-12:15 hrs)\nLCK A320F\nLIM-CUZ-LIM\nLA 2028 (13:25-14:50 hrs)\nLA 2029 (15:30-17:05 hrs)","Inicial G9","HAB WB","HAB WB","HAB WB","DO","DO","TALLER VOLUNTARIO DE SEGURIDAD","LCK A320F\nLIM-CUZ-LIM\nLA 2013 (08:40-10:00 hrs)\nLA 2014 (10:40-12:15 hrs)\nLCK A320F\nLIM-CUZ-LIM\nLA 2028 (13:25-14:50 hrs)\nLA 2029 (15:30-17:05 hrs)","HO FILE","DO","DO","DO","DO","RESERVA IET","DO","DO","Inicial G9","LCK B767\n- LIM-SCL\n- LA 2413 (12:05-15:35 hrs)\nLCK B767\n- SCL-LIM\n- LA 2412 (17:00-20:50 hrs)"]},{"bp":"3217561","nombre":"Claudia Flores","dias":["PREPARACIÓN IOSA 2026","RRVV\nALUMNO","AUDITORÍA PRO CAB","DO","DO","LCK B767\n- LIM-MIA\n- LA 2694 (13:30-19:35 hrs)","Blanco","Chequeo LATAM B767\n- MIA-LIM\n- LA 2699 (23:15-05:00 hrs)","Inicial G9","REUNIÓN INSTRUCTORES","DO","DO","TALLER VOLUNTARIO DE SEGURIDAD","HAB B787","RESERVA IET\nTARDE","HO FILE","Chequeo DGAC B767\n- LIM-SCL\n- LA 2413 (12:05-15:35 hrs)\nChequeo DGAC B767\n- SCL-LIM\n- LA 2412 (17:00-20:50 hrs)","DO","DO","Renovación IDE B767\n- LIM-MIA\n- LA 2698 (08:15-14:20 hrs)","Renovación IDE B767\n- MIA-LIM\n- LA 2695 (16:10-22:00 hrs)","RESERVA IET\nTARDE","DO","DO","DO","DO","RESERVA IET","DO","DO","PREPARACIÓN IOSA 2026","PREPARACIÓN IOSA 2026"]},{"dias":["LP","LP","LP","DO","DO","LP","LP","LP","LP","REUNIÓN INSTRUCTORES","DO","DO","LP","LP","LP","LP","LP","DO","DO","LP","LP","LP","DO","LP","DO","DO","LP","DO","DO","LP","LP"],"bp":"71348","nombre":"Karla Moz"},{"nombre":"Erika Dávila","bp":"967092","dias":["RTI: VIRTUAL\nA320F / B767 / B787\n(08:30-17:30 hrs)\nINS TITULAR","RTI: PRÁCTICA\nA320F / B767 / B787\n(08:30-17:30 hrs)\nINS TITULAR","RTI: PRÁCTICA\nA320F / B767 / B787\n(08:30-17:30 hrs)\nINS TITULAR","DO","DO","RTI","RTI: VIRTUAL\nA320F / B767 / B787\n(08:30-17:30 hrs)\nINS TITULAR\n*Se habilita","RTI: PRÁCTICA\nA320F / B767 / B787\n(08:30-17:30 hrs)\nINS TITULAR\n*Se habilita","HAB B787","REUNIÓN INSTRUCTORES\nTARDE","DO","DO","RESERVA IET","RESERVA IET","RESERVA IET","RTI: VIRTUAL\nA320F / B767\n(08:30-17:30 hrs)\nINS TITULAR\n*Se habilita","RTI","DO","DO","HO FILE","RESERVA IET","Reentrenamiento A320F\nLIM-AQP-LIM\nLA 2123 (09:15-10:50 hrs)\nLA 2124 (11:35-13:10 hrs)","DO","Reva de Servicio\n(08:30-17:30 hrs)\nDÍA 1","DO","DO","DO","DO","DO","Reva de Servicio\n(08:30-17:30 hrs)\nDÍA 1\nSVC DE TCS","Reva de Servicio\n(08:30-17:30 hrs)\nDÍA 1\nSVC 1 DE TCS"]},{"dias":["RESERVA IET","RRVV\nALUMNO","LCK A320F\nLIM-CUZ-LIM\nLA 2013 (08:40-10:00 hrs)\nLA 2014 (10:40-12:15 hrs)\nLCK A320F\nLIM-CUZ-LIM\nLA 2028 (13:25-14:50 hrs)\nLA 2029 (15:30-17:05 hrs)","DO","DO","LCK A320F\nLIM-TPP-LIM\nLA 2087 (14:00-15:30 hrs)\nLA 2088 (16:10-17:35 hrs)","RESERVA IET","LCK A320F\nLIM-AQP-LIM\nLA 2123 (09:15-10:50 hrs)\nLA 2124 (11:35-13:10 hrs)\nLCK A320F\nLIM-CJA-LIM\nLA 2295 (14:05-15:30 hrs)\nLA 2294 (16:10-17:15 hrs)","RESERVA IET","REUNIÓN INSTRUCTORES","DO","DO","RESERVA IET","RESERVA IET","RESERVA IET","Recalificación A320F\nLIM-CUZ-LIM\nLA 2013 (08:40-10:00 hrs)\nLA 2014 (10:40-12:15 hrs)\nRecalificación A320F\nLIM-CUZ-LIM\nLA 2028 (13:25-14:50 hrs)\nLA 2029 (15:30-17:05 hrs)","Reva de Servicio\n(08:30-17:30 hrs)\nDÍA 1","DO","DO","LCK A320F\nLIM-CUZ-LIM\nLA 2013 (08:40-10:00 hrs)\nLA 2014 (10:40-12:15 hrs)\nLCK A320F\nLIM-CUZ-LIM\nLA 2028 (13:25-14:50 hrs)\nLA 2029 (15:30-17:05 hrs)","HO FILE","LCK A320F\nLIM-CUZ-LIM\nLA 2013 (08:40-10:00 hrs)\nLA 2014 (10:40-12:15 hrs)\nLCK A320F\nLIM-CUZ-LIM\nLA 2028 (13:25-14:50 hrs)\nLA 2029 (15:30-17:05 hrs)","DO","DO","DO","DO","Curso Estandarización","DO","DO","Reentrenamiento A320F\nLIM-CUZ-LIM\nLA 2007 (09:10-10:35 hrs)\nLA 2008 (11:20-12:55 hrs)\nHabilitación A320F\nLIM-AQP-LIM\nLA 2055 (13:50-15:25 hrs)\nLA 2056 (16:10-17:50 hrs)","Inicial G9"],"nombre":"Elizabeth Torres","bp":"2369641"},{"bp":"2369624","dias":["PREPARACIÓN IOSA 2026","LCK B767\n- LIM-SCL\n- LA 2413 (12:05-15:35 hrs)\nLCK B767\n- SCL-LIM\n- LA 2412 (17:00-20:50 hrs)","RESERVA IET\nTARDE","DO","DO","Situaciones de Emergencia A320F\nTripulación de Mando\nLP\n(08:30-17:30 hrs)","RRVV\nINS","HO FILE","LCK B767\n- LIM-SCL\n- LA 2413 (12:05-15:35 hrs)\nLCK B767\n- SCL-LIM\n- LA 2412 (17:00-20:50 hrs)","REUNIÓN INSTRUCTORES\nTARDE","DO","DO","Inicial G8","RESERVA IET","RESERVA IET","LCK WB ALUMNO","RESERVA IET\nTARDE","DO","DO","RESERVA IET","RESERVA IET","REU EMBAJADORES","DO","DO","DO","DO","RESERVA IET","DO","DO","PREPARACIÓN IOSA 2026","PREPARACIÓN IOSA 2026"],"nombre":"Patricia Najar"},{"dias":["RESERVA IET","BAJADA CRM","LCK B767\n- LIM-SCL\n- LA 2413 (12:20-15:45 hrs)\nLCK B767\n- SCL-LIM\n- LA 2412 (17:10-20:50 hrs)","DO","DO","LCK B767\n- LIM-MIA\n- LA 2698 (08:15-14:20 hrs)","PD\n- MIA-LIM\n- LA 2695 (16:10-22:00 hrs)","RESERVA IET\nTARDE","HAB 320","REUNIÓN INSTRUCTORES","DO","DO","HANDS ON B767","HO FILE","Reva de Servicio\n(08:30-17:30 hrs)\nDÍA 1","Reva de Servicio\n(08:30-17:30 hrs)\nDÍA 1","LCK B767\n- LIM-SCL\n- LA 2413 (12:05-15:35 hrs)\nLCK B767\n- SCL-LIM\n- LA 2412 (17:00-20:50 hrs)","DO","DO","LCK B767\n- LIM-MIA\n- LA 2694 (13:30-19:35 hrs)","Blanco","Habilitación B767\n- MIA-LIM\n- LA 2699 (23:15-05:00 hrs)","DO","DO","DO","DO","REFUERZO REALIDAD VIRTUAL \nALUMNO","DO","DO","Reva de Servicio\n(08:30-17:30 hrs)\nDÍA 1\nSVC DE JSBS","Reva de Servicio\n(08:30-17:30 hrs)\nDÍA 1\nSVC 2 DE TCS"],"nombre":"Javier Zapata","bp":"3134911"},{"nombre":"Jefferson Mendez","dias":["RESERVA IET","BAJADA CRM","Inicial G8","DO","DO","Blanco","LCK B767\n- LIM-MIA\n- LA 2480 (00:15-06:20 hrs)","Chequeo LATAM B767\n- MIA-LIM\n- LA 2481 (15:55-21:40 hrs)","RESERVA IET\nTARDE","REUNIÓN INSTRUCTORES","DO","DO","HO FILE","Blanco","LCK B767\n- LIM-MIA\n- LA 2480 (00:15-06:20 hrs)","Chequeo LATAM B767\n- MIA-LIM\n- LA 2695 (16:10-22:00 hrs)","RESERVA IET\nTARDE","DO","DO","Blanco","LCK B767\n- LIM-MIA\n- LA 2480 (00:15-06:20 hrs)","Recalificación B767\n- MIA-LIM\n- LA 2481 (15:55-21:40 hrs)","DO","DO","DO","DO","Recalificación A320F\nLIM-CUZ-LIM\nLA 2013 (08:40-10:00 hrs)\nLA 2014 (10:40-12:15 hrs)\nHabilitación A320F\nLIM-CUZ-LIM\nLA 2028 (13:25-14:50 hrs)\nLA 2029 (15:30-17:05 hrs)","DO","DO","RESERVA IET","Recalificación A320F\nLIM-AQP-LIM\nLA 2123 (09:15-10:50 hrs)\nLA 2124 (11:35-13:10 hrs)"],"bp":"3750335"},{"bp":"3852423","nombre":"Gabriela Ungaro","dias":["Blanco","LCK B767\n- LIM-MIA\n- LA 2480 (00:15-06:20 hrs)","PD\n- MIA-LIM\n- LA 2481 (15:55-21:40 hrs)","DO","DO","Inicial G8","RRVV\nALUMNO","lck alumna","RESERVA IET","REUNIÓN INSTRUCTORES","DO","DO","LCK B767\n- LIM-MIA\n- LA 2694 (13:30-19:35 hrs)","PD\n- MIA-LIM\n- LA 2695 (16:10-22:00 hrs)","RESERVA IET\nTARDE","Inicial G9","CURSO REFRESCO IDE","DO","DO","HAB 320","Reva de Servicio\n(08:30-17:30 hrs)\nDÍA 1\nSVC DE JSBS","Inicial G9","DO","DO","DO","DO","Inicial G8","DO","DO","HO FILE","LCK B767 ALUMNO"]},{"nombre":"Mariella Carrasco","dias":["PREPARACIÓN IOSA 2026","RRVV\nALUMNO","RESERVA IET","DO","DO","RTI","RTI: VIRTUAL\nA320F / B767 / B787\n(08:30-17:30 hrs)\nINS APOYO\n*Se habilita","RTI","RTI: PRÁCTICA\nA320F / B767 / B787\n(08:30-17:30 hrs)\nINS TITULAR\n*Se habilita","REUNIÓN INSTRUCTORES","DO","DO","LCK B767\n- LIM-MIA\n- LA 2698 (08:15-14:20 hrs)","Blanco","Reentrenamiento B767\n- MIA-LIM\n- LA 2699 (23:15-05:00 hrs)","HAB 320","CURSO REFRESCO IDE","DO","DO","LCK B767\n- LIM-MIA\n- LA 2698 (08:15-14:20 hrs)","Habilitación B767\n- MIA-LIM\n- LA 2695 (16:10-22:00 hrs)","RESERVA IET\nTARDE","DO","HO FILE","DO","DO","DO","DO","DO","PREPARACIÓN IOSA 2026","PREPARACIÓN IOSA 2026"],"bp":"2604360"},{"nombre":"Cesar Campos","bp":"2823133","dias":["VACACIONES","VACACIONES","VACACIONES","VACACIONES","VACACIONES","VACACIONES","VACACIONES","VACACIONES","VACACIONES","VACACIONES","VACACIONES","VACACIONES","VACACIONES","VACACIONES","VACACIONES","CUMP.","RTI: PRÁCTICA\nA320F / B767\n(08:30-17:30 hrs)\nINS APOYO","DO","DO","Inicial G9","RTI: VIRTUAL\nA320F / B767\n(08:30-17:30 hrs)\nINS TITULAR 1 RTI","REU EMBAJADORES","DO","RTI: VIRTUAL\nA320F / B767\n(08:30-17:30 hrs)\nINS TITULAR","DO","DO","REFUERZO REALIDAD VIRTUAL \nINSTRUCTOR","DO","DO","DESAYUNO SAB","HO FILE"]},{"dias":["Curso Primeros Auxilios","RRVV\nINS","RTI: PRÁCTICA\nA320F / B767 / B787\n(08:30-17:30 hrs)\nINS APOYO","DO","DO","HO FILE","HAB","HAB","HAB","REUNIÓN INSTRUCTORES","DO","DO","TALLER VOLUNTARIO DE SEGURIDAD","Reva de Servicio\n(08:30-17:30 hrs)\nDÍA 1","RRVV\nINS","RTI: PRÁCTICA\nA320F / B767\n(08:30-17:30 hrs)\nINS APOYO","Inicial G8","DO","DO","TALLER VOLUNTARIO DE SEGURIDAD","Reva de Servicio\n(08:30-17:30 hrs)\nDÍA 1\nSVC DE TCS","RTI: PRÁCTICA\nA320F / B767\n(08:30-17:30 hrs)\nINS APOYO","DO","DO","DO","DO","TALLER VOLUNTARIO DE SEGURIDAD","DO","DO","PREPARACIÓN IOSA 2026","PREPARACIÓN IOSA 2026"],"nombre":"Kevin Segovia","bp":"3189967"},{"dias":["RESERVA IET","RESERVA IET","RTI: PRÁCTICA\nA320F / B767 / B787\n(08:30-17:30 hrs)\nINS APOYO","DO","DO","HAB","HAB","HAB","RTI: PRÁCTICA\nA320F / B767 / B787\n(08:30-17:30 hrs)\nINS APOYO","REUNIÓN INSTRUCTORES","DO","DO","HO FILE","RTI","RTI: VIRTUAL\nA320F / B767\n(08:30-17:30 hrs)\nINS TITULAR\n*Se habilita","RTI","RTI: VIRTUAL\nA320F / B767\n(08:30-17:30 hrs)\nINS TITULAR\n*Se habilita","DO","DO","RESERVA IET","RTI: VIRTUAL\nA320F / B767\n(08:30-17:30 hrs)\nINS TITULAR 2 RTI","RTI: PRÁCTICA\nA320F / B767\n(08:30-17:30 hrs)\nINS APOYO","DO","DO","DO","DO","TALLER VOLUNTARIO DE SEGURIDAD","DO","DO","RESERVA IET","RESERVA IET"],"bp":"2415373","nombre":"Milagros Salas"},{"dias":["Curso Primeros Auxilios","HO FILE","BAJADA TTT SVC\nINS","DO","DO","RESERVA IET","Ditching Presencial A320F + HANDS ON\nTripulación de Mando\nLP\n(08:30-17:30 hrs)","RESERVA IET","RTI: PRÁCTICA\nA320F / B767 / B787\n(08:30-17:30 hrs)\nINS APOYO","REUNIÓN INSTRUCTORES","DO","DO","Inicial G9","RTI: VIRTUAL\nA320F / B767\n(08:30-17:30 hrs)\nINS TITULAR","Inicial G9","RTI: VIRTUAL\nA320F / B767\n(08:30-17:30 hrs)\nINS TITULAR","RTI: PRÁCTICA\nA320F / B767\n(08:30-17:30 hrs)\nINS APOYO","DO","DO","RESERVA IET","Inicial G9","RTI: VIRTUAL\nA320F / B767\n(08:30-17:30 hrs)\nINS TITULAR","DO","DO","DO","DO","RESERVA IET","DO","DO","HO FILE","HO FILE"],"nombre":"Judith Fernandez","bp":"2440915"},{"nombre":"Rafael Nieto","dias":["SICK","SICK","SICK","DO","DO","SICK","SICK","SICK","SICK","REUNIÓN INSTRUCTORES","DO","DO","SICK","SICK","SICK","SICK","SICK","DO","DO","SICK","SICK","SICK","FERIADO","SICK","DO","DO","SICK","FERIADO","FERIADO","SICK","SICK"],"bp":"3796947"},{"nombre":"Gianfranco Celiz","dias":["Curso Primeros Auxilios","BAJADA CRM\nINS","Inicial G8","DO","DO","Inicial G9","RRVV\nALUMNO","HO FILE","LCK ALUMNO","REUNIÓN INSTRUCTORES\nTARDE","DO","DO","Reentrenamiento A320F\nLIM-AQP-LIM\nLA 2123 (09:15-10:50 hrs)\nLA 2124 (11:35-13:10 hrs)\nReentrenamiento A320F\nLIM-CJA-LIM\nLA 2295 (14:05-15:30 hrs)\nLA 2294 (16:10-17:15 hrs)","RESERVA IET","VACACIONES","VACACIONES","VACACIONES","VACACIONES","VACACIONES","VACACIONES","VACACIONES","VACACIONES","VACACIONES","VACACIONES","VACACIONES","VACACIONES","VACACIONES","VACACIONES","VACACIONES","VACACIONES","VACACIONES"],"bp":"3841387"}]} | C8: 46296.54
A9: 2026-08 | B9: {"fuente":"10 - Rol_Instructores_LP_OCTUBRE_1.xlsx","mes":"2026-08","hoja":"AGOSTO","instructores":[{"dias":["FDS","FDS","LCK B787\n- LIM-SCL\n- LA 2697 (09:35-13:00 hrs)\nLCK B787\n- SCL-LIM\n- LA 2696 (16:00-19:45 hrs)","RESERVA IET\nTARDE","EXP RECIENTE A320\nLIM-CUZ-LIM\nLA 2007 (09:10-10:35 hrs)\nLA 2008 (11:20-12:55 hrs)","FERIADO","RTI: PRÁCTICA\nA320F / B767\n(08:30-17:30 hrs)\nINS APOYO","FDS","FDS","RTI","RTI: VIRTUAL\nA320F / B767 / B787\n(08:30-17:30 hrs)\nINS TITULAR\n*Se habilita","RTI: PRÁCTICA\nA320F / B767 / B787\n(08:30-17:30 hrs)\nINS TITULAR\n*Se habilita","RTI: PRÁCTICA\nA320F / B767 / B787\n(08:30-17:30 hrs)\nINS TITULAR\n*Se habilita","REUNIÓN INSTRUCTORES","FDS","FDS","LCK ALUMNA","Blanco","LCK B767\n- LIM-MIA\n- LA 2480 (00:15-06:20 hrs)","PD\n- MIA-LIM\n- LA 2695 (16:10-22:00 hrs)","RESERVA IET\nTARDE","FDS","FDS","PREPARACIÓN IOSA 2026","PREPARACIÓN IOSA 2026","RTI: PRÁCTICA\nA320F / B767 / B787\n(08:30-17:30 hrs)\nINS TITULAR\nAPOYO","RESERVA IET","RTI","FDS","FDS","HO FILE"],"nombre":"Fiorella Ruiz","bp":"2713993"},{"bp":"2396710","dias":["FDS","FDS","Habilitación B767\n- LIM-MIA\n- LA 2694 (13:30-19:35 hrs)","Habilitación B767\n- MIA-LIM\n- LA 2695 (16:10-22:00 hrs)","RESERVA IET\nTARDE","FERIADO","BIANUAL IDE - HAB IDE\nLIM-AQP-LIM\nLA 2331 (10:00-11:30 hrs)\nLA 2332 (12:05-13:40 hrs)","FDS","FDS","RESERVA IET","RESERVA IET","RTI: PRÁCTICA\nA320F / B767 / B787\n(08:30-17:30 hrs)\nINS APOYO","RTI: PRÁCTICA\nA320F / B767\n(08:30-17:30 hrs)\nINS APOYO TM","REUNIÓN INSTRUCTORES","FDS","FDS","RESERVA IET","RESERVA IET","RESERVA IET","LCK B787\n- LIM-SCL\n- LA 2697 (09:35-13:00 hrs)\nLCK B787\n- SCL-LIM\n- LA 2696 (16:00-19:45 hrs)","HO FILE\nTARDE","FDS","FDS","RTI","RTI: VIRTUAL\nA320F / B767 / B787\n(08:30-17:30 hrs)\nINS TITULAR\n*Se habilita","RTI: PRÁCTICA\nA320F / B767 / B787\n(08:30-17:30 hrs)\nINS TITULAR\n*Se habilita","RTI: PRÁCTICA\nA320F / B767 / B787\n(08:30-17:30 hrs)\nINS TITULAR\n*Se habilita","RTI","FDS","FDS","REFUERZO REALIDAD VIRTUAL \nALUMNO"],"nombre":"Sebastian Correa"},{"bp":"1271571","dias":["FDS","FDS","VACACIONES","VACACIONES","VACACIONES","VACACIONES","VACACIONES","VACACIONES","VACACIONES","LCK B767\n- LIM-MIA\n- LA 2694 (13:30-19:35 hrs)","Blanco","Habilitación B767\n- MIA-LIM\n- LA 2699 (23:15-05:00 hrs)","RTI: PRÁCTICA\nA320F / B767 / B787\n(08:30-17:30 hrs)\nINS APOYO TM","REUNIÓN INSTRUCTORES","FDS","FDS","LCK B787\n- LIM-SCL\n- LA 2697 (09:35-13:00 hrs)\nLCK B787\n- SCL-LIM\n- LA 2696 (16:00-19:45 hrs)","RESERVA IET\nTARDE","RESERVA IET","HANDS ON B787","CURSO INS B787 - INSTRUCTOR","FDS","FDS","LCK B767\n- LIM-MIA\n- LA 2698 (08:15-14:20 hrs)","Blanco","PD\n- MIA-LIM\n- LA 2699 (23:15-05:00 hrs)","RTI: PRÁCTICA\nA320F / B767 / B787\n(08:30-17:30 hrs)\nAPOYO TM","LCK B787\n- LIM-SCL\n- LA 2697 (09:35-13:00 hrs)\nRecalificación B787\n- SCL-LIM\n- LA 2696 (16:00-19:45 hrs)","FDS","FDS","LCK B787\n- LIM-SCL\n- LA 2697 (09:35-13:00 hrs)\nLCK B787\n- SCL-LIM\n- LA 2696 (16:00-19:45 hrs)"],"nombre":"Christian Rondon"},{"bp":"2843319","dias":["DO","DO","EXP RECIENTE B787","RESERVA IET\nTARDE","HO FILE","DO","DO","DO","DO","LCK A320F\nLIM-CUZ-LIM\nLA 2013 (08:40-10:00 hrs)\nLA 2014 (10:35-12:10 hrs)\nLCK A320F\nLIM-CIX-LIM\nLA 2270 (13:05-14:35 hrs)\nLA 2271 (15:10-16:30 hrs)","AUDITORÍA TIERRA","LCK A320F\nLIM-AQP-LIM\nLA 2123 (09:15-10:45 hrs)\nLA 2124 (11:30-13:05 hrs)\nReentrenamiento A320F\nLIM-CJA-LIM\nLA 2295 (14:25-15:45 hrs)\nLA 2294 (16:30-17:35 hrs)","BAJADA TTT SVC\nALUMNO","REUNIÓN INSTRUCTORES","DO","DO","LCK B767\n- LIM-MIA\n- LA 2698 (08:15-14:20 hrs)","Blanco","Habilitación B767\n- MIA-LIM\n- LA 2699 (23:15-05:00 hrs)","LCK A320F\nLIM-AQP-LIM\nLA 2123 (09:05-10:35 hrs)\nLA 2124 (11:20-12:55 hrs)\nLCK A320F\nLIM-AQP-LIM\nLA 2055 (14:00-15:30 hrs)\nLA 2056 (16:10-17:50 hrs)","CURSO INS B787","DO","DO","PREPARACIÓN IOSA 2026","PREPARACIÓN IOSA 2026","LCK A320F\nLIM-CUZ-LIM\nLA 2013 (08:40-10:00 hrs)\nLA 2014 (10:35-12:10 hrs)\nLCK A320F\nLIM-CIX-LIM\nLA 2270 (13:05-14:35 hrs)\nLA 2271 (15:10-16:30 hrs)","RESERVA IET","LCK ALUMNA","DO","DO","LCK A320F\nLIM-CUZ-LIM\nLA 2007 (09:10-10:35 hrs)\nLA 2008 (11:20-12:55 hrs)\nLCK A320F\nLIM-AQP-LIM\nLA 2055 (13:55-15:25 hrs)\nLA 2056 (16:10-17:50 hrs)"],"nombre":"Karen Santa Cruz"},{"bp":"3779550","dias":["DO","DO","HO FILE","Reva de Servicio\n(08:30-17:30 hrs)\nDÍA 1\nSVC DE TCS","RESERVA IET","DO","DO","DO","DO","CURSO ASCENSO","CURSO ASCENSO","CURSO ASCENSO","RTI: PRÁCTICA\nA320F / B767\n(08:30-17:30 hrs)\nINS APOYO","REUNIÓN INSTRUCTORES","DO","DO","TALLER VOLUNTARIO DE SEGURIDAD","RESERVA IET","RESERVA IET","CURSO ASCENSO","CURSO INS B787","DO","DO","RESERVA IET","Blanco","LCK B767\n- LIM-MIA\n- LA 2480 (00:15-06:20 hrs)","Recalificación B767\n- MIA-LIM\n- LA 2695 (16:10-22:00 hrs)","RESERVA IET\nTARDE","DO","DO","RESERVA IET"],"nombre":"Jennifert Acurio"},{"bp":"29530","nombre":"Jazmin Guerra","dias":["DO","DO","Blanco","LCK B767\n- LIM-MIA\n- LA 2480 (00:15-06:20 hrs)","PD\n- MIA-LIM\n- LA 2481 (15:55-21:40 hrs)","DO","DO","DO","DO","HO FILE\nTARDE","EXP RECIENTE B787","HO FILE\nTARDE","Curso 50%","REUNIÓN INSTRUCTORES","DO","DO","Blanco","LCK B767\n- LIM-MIA\n- LA 2480 (00:15-06:20 hrs)","PD\n- MIA-LIM\n- LA 2481 (15:55-21:40 hrs)","RESERVA IET\nTARDE","CURSO INS B787","DO","DO","Blanco","LCK B767\n- LIM-MIA\n- LA 2480 (00:15-06:20 hrs)","PD\n- MIA-LIM\n- LA 2481 (15:55-21:40 hrs)","RESERVA IET\nTARDE","LCK B767\n- LIM-SCL\n- LA 2413 (12:05-15:45 hrs)\nLCK B767\n- SCL-LIM\n- LA 2412 (17:10-21:00 hrs)","DO","DO","RESERVA IET"]},{"nombre":"Claudia Flores","dias":["DO","DO","RESERVA IET","RESERVA IET","Reva de Servicio\n(08:30-17:30 hrs)\nDÍA 1\nSVC DE TCS","DO","LCK B767\n- LIM-SCL\n- LA 2413 (12:05-15:45 hrs)\nLCK B767\n- SCL-LIM\n- LA 2412 (17:10-21:00 hrs)","DO","DO","LCK B767\n- LIM-MIA\n- LA 2698 (08:15-14:20 hrs)","Habilitación B767\n- MIA-LIM\n- LA 2695 (16:10-22:00 hrs)","RESERVA IET\nTARDE","BAJADA TTT SVC\nINSTRUCTOR","REUNIÓN INSTRUCTORES","DO","DO","DO","DO","HO FILE","REU EMBAJADORES","CURSO INS B787","DO","DO","PREPARACIÓN IOSA 2026","PREPARACIÓN IOSA 2026","Blanco","LCK B767\n- LIM-MIA\n- LA 2480 (00:15-06:20 hrs)","PD\n- MIA-LIM\n- LA 2481 (15:55-21:40 hrs)","DO","DO","REFUERZO REALIDAD VIRTUAL \nALUMNO"],"bp":"3217561"},{"bp":"71348","nombre":"Karla Moz","dias":["LP","LP","LP","LP","LP","DO","LP","LP","LP","LP","LP","LP","LP","LP","LP","LP","LP","LP","LP","LP","LP","LP","LP","LP","LP","LP","LP","LP","LP","LP","LP"]},{"nombre":"Erika Dávila","dias":["DO","DO","HAB WB","HAB WB","HAB WB","DO","IET\nASIGNAR VUELO EXP RECIENTE A320F","VACACIONES","VACACIONES","VACACIONES","VACACIONES","VACACIONES","VACACIONES","VACACIONES","VACACIONES","VACACIONES","VACACIONES","VACACIONES","VACACIONES","VACACIONES","VACACIONES","VACACIONES","VACACIONES","VACACIONES","VACACIONES","VACACIONES","VACACIONES","VACACIONES","VACACIONES","VACACIONES","VACACIONES"],"bp":"967092"},{"nombre":"Elizabeth Torres","bp":"2369641","dias":["DO","DO","HAB WB","HAB WB","HAB WB","DO","DO","DO","DO","TALLER VOLUNTARIO DE SEGURIDAD","Reva de Servicio\n(08:30-17:30 hrs)\nDÍA 1\nSVC DE TCS","Reva de Servicio\n(08:30-17:30 hrs)\nDÍA 1\nSVC DE TCS","BIANUAL INSTRUCTOR\nLIM-AQP-LIM\nLA 2109 (10:30-12:00 hrs)\nLA 2108 (12:40-14:15 hrs)","REUNIÓN INSTRUCTORES","DO","DO","HO FILE","Inicial G9\n(Apoyo)","Inicial G9\n(Apoyo)","LCK B767\n- LIM-SCL\n- LA 2413 (12:05-15:45 hrs)\nLCK B767\n- SCL-LIM\n- LA 2412 (17:10-21:00 hrs)","RESERVA IET\nTARDE","DO","DO","Reentrenamiento A320F\nLIM-CUZ-LIM\nLA 2013 (08:40-10:00 hrs)\nLA 2014 (10:35-12:10 hrs)\nLCK A320F\nLIM-CIX-LIM\nLA 2270 (13:05-14:35 hrs)\nLA 2271 (15:10-16:30 hrs)","Reva de Servicio\n(08:30-17:30 hrs)\nDÍA 1\nSVC DE TCS","Reva de Servicio\n(08:30-17:30 hrs)\nDÍA 1\nSVC DE TCS","LCK A320F\nLIM-AQP-LIM\nLA 2123 (09:05-10:35 hrs)\nLA 2124 (11:20-12:55 hrs)\nLCK A320F\nLIM-TPP-LIM\nLA 2087 (14:25-15:50 hrs)\nLA 2088 (16:30-17:55 hrs)","RESERVA IET","DO","DO","LCK A320F\nLIM-AQP-LIM\nLA 2123 (09:15-10:45 hrs)\nLA 2124 (11:30-13:05 hrs)\nLCK A320F\nLIM-CJA-LIM\nLA 2295 (14:10-15:30 hrs)\nLA 2294 (16:10-17:15 hrs)"]},{"bp":"2369624","dias":["VACACIONES","VACACIONES","VACACIONES","VACACIONES","VACACIONES","VACACIONES","VACACIONES","DO","DO","LCK A320F\nLIM-AQP-LIM\nLA 2123 (09:15-10:45 hrs)\nLA 2124 (11:30-13:05 hrs)\nLCK A320F\nLIM-CJA-LIM\nLA 2295 (14:10-15:30 hrs)\nLA 2294 (16:10-17:15 hrs)","Blanco","LCK B767\n- LIM-MIA\n- LA 2480 (00:15-06:20 hrs)","Reentrenamiento B767\n- MIA-LIM\n- LA 2695 (16:10-22:00 hrs)","REUNIÓN INSTRUCTORES\nTARDE","DO","DO","LCK B767\n- LIM-MIA\n- LA 2694 (13:30-19:35 hrs)","PD\n- MIA-LIM\n- LA 2695 (16:10-22:00 hrs)","RESERVA IET\nTARDE","HO FILE","BIANUAL INSTRUCTOR\nLIM-AQP-LIM\nLA 2109 (10:30-12:00 hrs)\nLA 2108 (12:40-14:15 hrs)","DO","DO","PREPARACIÓN IOSA 2026","PREPARACIÓN IOSA 2026","Auditoria ATL\n- LIM-ATL\n- LA 2482 (12:05-19:35 hrs)","Blanco","Auditoria ATL\n- ATL-LIM\n- LA 2483 (22:15-05:00 hrs)","DO","DO","REFUERZO REALIDAD VIRTUAL \nINSTRUCTOR"],"nombre":"Patricia Najar"},{"bp":"3134911","nombre":"Javier Zapata","dias":["DO","DO","LCK B767\n- LIM-MIA\n- LA 2694 (13:30-19:35 hrs)","Habilitación B767\n- MIA-LIM\n- LA 2695 (16:10-22:00 hrs)","RESERVA IET\nTARDE","DO","Reva de Servicio\n(08:30-17:30 hrs)\nDÍA 1\nSVC DE TCS","DO","DO","DO","DO","LCK A320F\nLIM-CUZ-LIM\nLA 2007 (09:10-10:35 hrs)\nLA 2008 (11:20-12:55 hrs)\nLCK A320F\nLIM-CUZ-LIM\nLA 2232 (13:55-15:20 hrs)\nLA 2233 (15:55-17:35 hrs)","BIANUAL INSTRUCTOR\nLIM-AQP-LIM\nLA 2109 (10:30-12:00 hrs)\nLA 2108 (12:40-14:15 hrs)","REUNIÓN INSTRUCTORES","DO","DO","LCK A320F\nLIM-CUZ-LIM\nLA 2013 (08:40-10:00 hrs)\nLA 2014 (10:35-12:10 hrs)\nReentrenamiento A320F\nLIM-CIX-LIM\nLA 2270 (13:05-14:35 hrs)\nLA 2271 (15:10-16:30 hrs)","HO FILE","LCK A320F\nLIM-CUZ-LIM\nLA 2013 (08:40-10:00 hrs)\nLA 2014 (10:35-12:10 hrs)\nLCK A320F\nLIM-CIX-LIM\nLA 2270 (13:05-14:35 hrs)\nLA 2271 (15:10-16:30 hrs)","DESAYUNO SAB","LCK B767\n- LIM-SCL\n- LA 2413 (12:05-15:45 hrs)\nLCK B767\n- SCL-LIM\n- LA 2412 (17:10-21:00 hrs)","DO","DO","LCK A320F\nLIM-AQP-LIM\nLA 2123 (09:15-10:45 hrs)\nLA 2124 (11:30-13:05 hrs)\nLCK A320F\nLIM-CJA-LIM\nLA 2295 (14:10-15:30 hrs)\nLA 2294 (16:10-17:15 hrs)","Inicial G9\n(Apoyo)","Inicial G9\n(Apoyo)","Inicial G9\n(Apoyo)","LCK A320F\nLIM-CUZ-LIM\nLA 2007 (09:10-10:35 hrs)\nLA 2008 (11:20-12:55 hrs)\nLCK A320F\nLIM-CJA-LIM\nLA 2295 (14:10-15:30 hrs)\nLA 2294 (16:10-17:15 hrs)","DO","DO","REFUERZO REALIDAD VIRTUAL \nALUMNO"]},{"nombre":"Jefferson Mendez","dias":["DO","DO","LCK B767\n- LIM-MIA\n- LA 2698 (08:15-14:20 hrs)","Blanco","Habilitación B767\n- MIA-LIM\n- LA 2699 (23:15-05:00 hrs)","DO","DO","DO","DO","TALLER VOLUNTARIO DE SEGURIDAD","LCK A320F\nLIM-CUZ-LIM\nLA 2013 (08:40-10:00 hrs)\nLA 2014 (10:35-12:10 hrs)\nLCK A320F\nLIM-CIX-LIM\nLA 2270 (13:05-14:35 hrs)\nLA 2271 (15:10-16:30 hrs)","HANDS ON B767","Inicial G9\n(Apoyo)","REUNIÓN INSTRUCTORES","DO","DO","HANDS ON B767","LCK A320F\nLIM-CUZ-LIM\nLA 2013 (08:40-10:00 hrs)\nLA 2014 (10:35-12:10 hrs)\nLCK A320F\nLIM-CIX-LIM\nLA 2270 (13:05-14:35 hrs)\nLA 2271 (15:10-16:30 hrs)","HO FILE","LCK A320F\nLIM-CUZ-LIM\nLA 2007 (09:10-10:35 hrs)\nLA 2008 (11:10-12:45 hrs)","BIANUAL INSTRUCTOR\nLIM-AQP-LIM\nLA 2109 (10:30-12:00 hrs)\nLA 2108 (12:40-14:15 hrs)","DO","DO","RESERVA IET","Inicial G9\n(Apoyo)","Inicial G9\n(Apoyo)","LCK B767\n- LIM-SCL\n- LA 2413 (12:05-15:45 hrs)\nLCK B767\n- SCL-LIM\n- LA 2412 (17:10-21:00 hrs)","RESERVA IET\nTARDE","DO","DO","REFUERZO REALIDAD VIRTUAL \nALUMNO"],"bp":"3750335"},{"dias":["DO","DO","HO FILE","LCK A320F\nLIM-CUZ-LIM\nLA 2007 (09:10-10:35 hrs)\nLA 2008 (11:20-12:55 hrs)\nLCK A320F\nLIM-AQP-LIM\nLA 2055 (13:55-15:25 hrs)\nLA 2056 (16:10-17:50 hrs)","REFUERZO REALIDAD VIRTUAL \nALUMNO","DO","RTI: PRÁCTICA\nA320F / B767\n(08:30-17:30 hrs)\nINS TITULAR","VACACIONES","VACACIONES","VACACIONES","VACACIONES","VACACIONES","VACACIONES","VACACIONES","VACACIONES","VACACIONES","VACACIONES","VACACIONES","VACACIONES","VACACIONES","VACACIONES","VACACIONES","VACACIONES","LCK B767\n- LIM-MIA\n- LA 2694 (13:30-19:35 hrs)","Habilitación B767\n- MIA-LIM\n- LA 2695 (16:10-22:00 hrs)","RESERVA IET\nTARDE","LCK A320F\nLIM-CUZ-LIM\nLA 2007 (09:10-10:35 hrs)\nLA 2008 (11:10-12:45 hrs)\nLCK A320F\nLIM-AQP-LIM\nLA 2055 (14:00-15:30 hrs)\nLA 2056 (16:10-17:50 hrs)","RTI: PRÁCTICA\nA320F / B767\n(08:30-17:30 hrs)\nINS APOYO TM","DO","DO","Inicial G9\n(Apoyo)"],"nombre":"Gabriela Ungaro","bp":"3852423"},{"dias":["DO","DO","LCK A320F\nLIM-CUZ-LIM\nLA 2013 (08:40-10:00 hrs)\nLA 2014 (10:35-12:10 hrs)\nLCK A320F\nLIM-CIX-LIM\nLA 2270 (13:05-14:35 hrs)\nLA 2271 (15:10-16:30 hrs)","LCK ALUMNO","REFUERZO REALIDAD VIRTUAL \nALUMNO","DO","DO","DO","DO","LCK A320F\nLIM-CIX-LIM\nLA 2274 (09:35-11:10 hrs)\nLA 2275 (11:45-13:05 hrs)\nLCK A320F\nLIM-TPP-LIM\nLA 2087 (14:00-15:30 hrs)\nLA 2088 (16:05-17:30 hrs)","HO FILE","LCK A320F\nLIM-CUZ-LIM\nLA 2013 (08:40-10:00 hrs)\nLA 2014 (10:35-12:10 hrs)\nLCK A320F\nLIM-CIX-LIM\nLA 2270 (13:05-14:35 hrs)\nLA 2271 (15:10-16:30 hrs)","LCK B767\n- LIM-SCL\n- LA 2413 (12:05-15:45 hrs)\nLCK B767\n- SCL-LIM\n- LA 2412 (17:10-21:00 hrs)","REUNIÓN INSTRUCTORES\nTARDE","DO","DO","Inicial G9\n(Apoyo)","Reva de Servicio\n(08:30-17:30 hrs)\nDÍA 1\nSVC DE TCS","Blanco","LCK B767\n- LIM-MIA\n- LA 2480 (00:15-06:20 hrs)","PD\n- MIA-LIM\n- LA 2481 (15:55-21:40 hrs)","DO","DO","PREPARACIÓN IOSA 2026","PREPARACIÓN IOSA 2026","Recalificación A320F\nLIM-CUZ-LIM\nLA 2013 (08:40-10:00 hrs)\nLA 2014 (10:35-12:10 hrs)\nRecalificación A320F\nLIM-CUZ-LIM\nLA 2028 (13:25-14:50 hrs)\nLA 2029 (15:30-17:05 hrs)","RESERVA IET","Inicial G9\n(Apoyo)","DO","DO","Inicial G9\n(Apoyo)"],"bp":"2604360","nombre":"Mariella Carrasco"},{"nombre":"Cesar Campos","bp":"2823133","dias":["DO","DO","Inicial G9\n(Tutor)","Inicial G9\n(Tutor)","Inicial G9\n(Tutor)","DO","DO","DO","DO","LCK ALUMNO\nHAB","Inicial G9\n(Tutor)","Inicial G9\n(Tutor)","Inicial G9\n(Tutor)","REUNIÓN INSTRUCTORES","DO","DO","Inicial G9\n(Tutor)","Inicial G9\n(Tutor)","Inicial G9\n(Tutor)","RTI: PRÁCTICA\nA320F / B767\n(08:30-17:30 hrs)\nINS TM","RTI: PRÁCTICA\nA320F / B767\n(08:30-17:30 hrs)\nINS TITULAR","DO","DO","HAB WB","HAB WB","HAB WB","RTI: PRÁCTICA\nA320F / B767 / B787\n(08:30-17:30 hrs)\nAPOYO","Inicial G9\n(Tutor)","DO","DO","Inicial G9\n(Tutor)"]},{"bp":"3189967","nombre":"Kevin Segovia","dias":["DO","DO","HO FILE","RTI: VIRTUAL\nA320F / B767\n(08:30-17:30 hrs)\nINS TITULAR","REFUERZO REALIDAD VIRTUAL \nINSTRUCTOR","DO","Inicial G9\n(Tutor)","DO","DO","Inicial G9\n(Tutor)","RESERVA IET","RTI: VIRTUAL\nA320F / B767\n(08:30-17:30 hrs)\nINS TITULAR","RTI: PRÁCTICA\nA320F / B767 / B787\n(08:30-17:30 hrs)\nINS APOYO","DO","DO","VACACIONES","VACACIONES","VACACIONES","VACACIONES","VACACIONES","VACACIONES","VACACIONES","VACACIONES","VACACIONES","VACACIONES","VACACIONES","VACACIONES","VACACIONES","VACACIONES","VACACIONES","VACACIONES"]},{"dias":["DO","DO","Curso 50%","Curso 50%","Curso 50%","DO","DO","DO","DO","Curso 50%","Curso 50%","Curso 50%","RTI: PRÁCTICA\nA320F / B767 / B787\n(08:30-17:30 hrs)\nINS TM","REUNIÓN INSTRUCTORES","DO","DO","TALLER VOLUNTARIO DE SEGURIDAD","Curso 50%","HO FILE","RTI: PRÁCTICA\nA320F / B767\n(08:30-17:30 hrs)\nINS APOYO","RTI: PRÁCTICA\nA320F / B767\n(08:30-17:30 hrs)\nINS APOYO","DO","DO","TALLER VOLUNTARIO DE SEGURIDAD","RESERVA IET","RTI: VIRTUAL\nA320F / B767\n(08:30-17:30 hrs)\nINS TITULAR","LCK ALUMNO","RESERVA IET\nTARDE","DO","DO","RESERVA IET"],"nombre":"Milagros Salas","bp":"2415373"},{"nombre":"Judith Fernandez","bp":"2440915","dias":["VACACIONES","VACACIONES","VACACIONES","VACACIONES","VACACIONES","VACACIONES","VACACIONES","VACACIONES","VACACIONES","VACACIONES","VACACIONES","VACACIONES","VACACIONES","VACACIONES","VACACIONES","DO","HAB WB","HAB WB","HAB WB","Inicial G9\n(Tutor)","Inicial G9\n(Tutor)","DO","DO","TALLER VOLUNTARIO DE SEGURIDAD","Inicial G9\n(Tutor)","Inicial G9\n(Tutor)","Inicial G9\n(Tutor)","RTI: PRÁCTICA\nA320F / B767\n(08:30-17:30 hrs)\nINS TITULAR","DO","DO","HO FILE"]},{"bp":"3796947","dias":["SICK","SICK","SICK","SICK","SICK","SICK","SICK","SICK","SICK","SICK","SICK","SICK","SICK","SICK","SICK","SICK","SICK","SICK","SICK","SICK","SICK","SICK","SICK","SICK","SICK","SICK","SICK","SICK","SICK","SICK","SICK"],"nombre":"Rafael Nieto"},{"bp":"3841387","dias":["VACACIONES","VACACIONES","VACACIONES","VACACIONES","VACACIONES","VACACIONES","VACACIONES","DO","DO","RESERVA IET\nJESHUA","RESERVA IET\nJESHUA","RESERVA IET\nJESHUA","RTI: PRÁCTICA\nA320F / B767\n(08:30-17:30 hrs)\nINS TITULAR","REUNIÓN INSTRUCTORES","DO","DO","Curso 50%","RTI: VIRTUAL\nA320F / B767\n(08:30-17:30 hrs)\nINS TITULAR","RTI: VIRTUAL\nA320F / B767\n(08:30-17:30 hrs)\nINS TITULAR","RTI: PRÁCTICA\nA320F / B767\n(08:30-17:30 hrs)\nINS TITULAR","Reva de Servicio\n(08:30-17:30 hrs)\nDÍA 1\nSVC DE TCS","DO","DO","HO FILE","Reva de Servicio\n(08:30-17:30 hrs)\nDÍA 1\nSVC DE JSBS","Reva de Servicio\n(08:30-17:30 hrs)\nDÍA 1\nSVC DE JSBS","RESERVA IET","RTI: PRÁCTICA\nA320F / B767\n(08:30-17:30 hrs)\nINS APOYO","DO","DO","HAB A320F"],"nombre":"Gianfranco Celiz"}]} | C9: 46296.54
A10: 2026-09 | B10: {"instructores":[{"nombre":"Fiorella Ruiz","bp":"2713993","dias":["LCK A320F\nLIM-CUZ-LIM\nLA 2013 (08:40-10:00 hrs)\nLA 2014 (10:40-12:15 hrs)\nLCK A320F\nLIM-CUZ-LIM\nLA 2028 (13:25-14:45 hrs)\nLA 2029 (15:30-17:05 hrs)","HO FILE","LCK B767\n- LIM-SCL\n- LA 2413 (12:05-15:45 hrs)\nLCK B767\n- SCL-LIM\n- LA 2412 (17:10-21:00 hrs)","RESERVA IET\nTARDE","FDS","FDS","LCK A320F\nLIM-CUZ-LIM\nLA 2013 (08:35-09:55 hrs)\nLA 2014 (10:40-12:15 hrs)\nLCK A320F\nLIM-CUZ-LIM\nLA 2028 (13:25-14:45 hrs)\nLA 2029 (15:30-17:05 hrs)","Blanco","LCK B767\n- LIM-MIA\n- LA 2480 (00:15-06:20 hrs)","PD\n- MIA-LIM\n- LA 2695 (16:10-22:00 hrs)","REUNIÓN INSTRUCTORES\nTARDE","FDS","FDS","AUDITORIA EN TIERRA PAU","LCK A320F\nLIM-CUZ-LIM\nLA 2007 (09:10-10:30 hrs)\nLA 2008 (11:20-12:55 hrs)\nLCK A320F\nLIM-CJA-LIM\nLA 2295 (14:10-15:30 hrs)\nLA 2294 (16:10-17:15 hrs)","RTI: PRÁCTICA\nA320F / B767 / B787\n(08:30-17:30 hrs)\nINS APOYO\nGRUPO 4","RTI: PRÁCTICA\nA320F / B767 / B787\n(08:30-17:30 hrs)\nINS APOYO\nGRUPO 4","LCK B767\n- LIM-SCL\n- LA 2413 (12:05-15:45 hrs)\nLCK B767\n- SCL-LIM\n- LA 2412 (17:10-21:00 hrs)","FDS","FDS","LCK B767\n- LIM-MIA\n- LA 2694 (13:30-19:35 hrs)","Blanco","PD\n- MIA-LIM\n- LA 2699 (23:15-05:00 hrs)","REU EMBAJADORES","LCK A320F\nLIM-CUZ-LIM\nLA 2013 (08:35-09:55 hrs)\nLA 2014 (10:40-12:15 hrs)\nLCK A320F\nLIM-CUZ-LIM\nLA 2028 (13:25-14:45 hrs)\nLA 2029 (15:30-17:05 hrs)","FDS","FDS","PREPARACIÓN AUDITORÍA IOSA CAB","PREPARACIÓN AUDITORÍA IOSA CAB","PREPARACIÓN AUDITORÍA IOSA CAB"]},{"bp":"2396710","nombre":"Sebastian Correa","dias":["VACACIONES","VACACIONES","VACACIONES","VACACIONES","VACACIONES","VACACIONES","VACACIONES","VACACIONES","VACACIONES","VACACIONES","VACACIONES","FDS","FDS","LCK B767\n- LIM-MIA\n- LA 2694 (13:30-19:35 hrs)","Blanco","PD\n- MIA-LIM\n- LA 2699 (23:15-05:00 hrs)","RTI: PRÁCTICA\nA320F / B767 / B787\n(08:30-17:30 hrs)\nINS APOYO TM\nGRUPO 4","LCK A320F + Habilitación A320F\nLIM-CUZ-LIM\nLA 2013 (08:35-09:55 hrs)\nLA 2014 (10:40-12:15 hrs)\nLCK A320F\nLIM-CUZ-LIM\nLA 2028 (13:25-14:45 hrs)\nLA 2029 (15:30-17:05 hrs)","FDS","FDS","LCK B787\n- LIM-SCL\n- LA 2697 (09:35-13:00 hrs)\nHabilitación B787\n- SCL-LIM\n- LA 2696 (16:00-19:45 hrs)","HO FILE\nTARDE","Ditching Presencial A320F + HANDS ON\nTripulación de Mando\nLP\n(08:30-17:30 hrs)","LCK B787\n- LIM-SCL\n- LA 2697 (09:35-13:00 hrs)\nLCK B787\n- SCL-LIM\n- LA 2696 (16:00-19:45 hrs)","HO FILE\nTARDE","FDS","FDS","LCK B787\n- LIM-SCL\n- LA 2697 (09:35-13:00 hrs)\nLCK B787\n- SCL-LIM\n- LA 2696 (16:00-19:45 hrs)","RESERVA IET\nTARDE","LCK A320F\nLIM-CUZ-LIM\nLA 2013 (08:35-09:55 hrs)\nLA 2014 (10:40-12:15 hrs)\nLCK A320F\nLIM-CUZ-LIM\nLA 2028 (13:25-14:45 hrs)\nLA 2029 (15:30-17:05 hrs)"]},{"nombre":"Christian Rondon","dias":["REALIDAD VIRTUAL","HO FILE","LCK A320F\nLIM-CUZ-LIM\nLA 2013 (08:35-09:55 hrs)\nLA 2014 (10:40-12:15 hrs)\nLCK A320F + Habilitación A320F\nLIM-CUZ-LIM\nLA 2028 (13:25-14:45 hrs)\nLA 2029 (15:30-17:05 hrs)","Reva de Servicio\n(08:30-17:30 hrs)\nDÍA 1\nSVC DE TCS","FDS","FDS","LCK B787\n- LIM-SCL\n- LA 2697 (09:35-13:00 hrs)\nHabilitación B787\n- SCL-LIM\n- LA 2696 (16:00-19:45 hrs)","RESERVA IET\nTARDE","LCK B787\n- LIM-SCL\n- LA 2697 (09:35-13:00 hrs)\nLCK B787\n- SCL-LIM\n- LA 2696 (16:00-19:45 hrs)","RESERVA IET\nTARDE","REUNIÓN INSTRUCTORES","FDS","FDS","VACACIONES","VACACIONES","VACACIONES","VACACIONES","VACACIONES","VACACIONES","VACACIONES","VACACIONES","VACACIONES","VACACIONES","VACACIONES","VACACIONES","VACACIONES","VACACIONES","VACACIONES","VACACIONES","VACACIONES"],"bp":"1271571"},{"nombre":"Karen Santa Cruz","dias":["REALIDAD VIRTUAL","LCK A320F\nLIM-CUZ-LIM\nLA 2013 (08:40-10:00 hrs)\nLA 2014 (10:40-12:15 hrs)\nLCK A320F\nLIM-CUZ-LIM\nLA 2028 (13:25-14:45 hrs)\nLA 2029 (15:30-17:05 hrs)","RESERVA IET","EXAMEN TEÓRICO DGAC 787","DO","DO","DO","DO","HO FILE","RESERVA IET","REUNIÓN INSTRUCTORES","DO","DO","CLASE MODELO B787","LCK A320F\nLIM-PIU-LIM\nLA 2306 (09:30-11:15 hrs)\nLA 2307 (11:55-13:25 hrs)\nLCK A320F\nLIM-PEM-LIM\nLA 2264 (14:55-16:40 hrs)\nLA 2265 (17:20-18:55 hrs)","Blanco","CHEQUEO BI ANUAL INST B767\n- LIM-MIA\n- LA 2480 (00:15-06:20 hrs)","CHEQUEO BI ANUAL INST B767\n- MIA-LIM\n- LA 2481 (15:55-21:40 hrs)","DO","DO","TALLER VOLUNTARIO DE SEGURIDAD","Blanco","LCK B767\n- LIM-MIA\n- LA 2480 (00:15-06:20 hrs)","PD\n- MIA-LIM\n- LA 2695 (16:10-22:00 hrs)","RESERVA IET\nTARDE","DO","DO","PREPARACIÓN AUDITORÍA IOSA CAB","PREPARACIÓN AUDITORÍA IOSA CAB","PREPARACIÓN AUDITORÍA IOSA CAB"],"bp":"2843319"},{"nombre":"Jennifert Acurio","bp":"3779550","dias":["HO FILE","LCK A320F\nLIM-PIU-LIM\nLA 2306 (09:30-11:15 hrs)\nLA 2307 (11:55-13:25 hrs)\nLCK A320F\nLIM-CUZ-LIM\nLA 2022 (14:30-15:50 hrs)\nLA 2025 (16:35-18:10 hrs)","RESERVA IET","EXAMEN TEÓRICO DGAC 787","DO","DO","LCK B767\n- LIM-MIA\n- LA 2694 (13:30-19:35 hrs)","Blanco","PD\n- MIA-LIM\n- LA 2699 (23:15-05:00 hrs)","CLASE MODELO B787","REUNIÓN INSTRUCTORES","DO","DO","Blanco","LCK B767\n- LIM-MIA\n- LA 2480 (00:15-06:20 hrs)","PD\n- MIA-LIM\n- LA 2481 (15:55-21:40 hrs)","RESERVA IET\nTARDE","Inicial G9","DO","DO","TALLER VOLUNTARIO DE SEGURIDAD","LCK A320F\nLIM-CUZ-LIM\nLA 2007 (09:10-10:30 hrs)\nLA 2008 (11:20-12:55 hrs)\nLCK A320F + Habilitación A320F\nLIM-CJA-LIM\nLA 2295 (14:10-15:30 hrs)\nLA 2294 (16:10-17:15 hrs)","EXP RECIENTE B787","RESERVA IET\nTARDE","DO","DO","DO","DO","Blanco","LCK B767\n- LIM-MIA\n- LA 2480 (00:15-06:20 hrs)"]},{"dias":["HO FILE","RESERVA IET","RESERVA IET","EXAMEN TEÓRICO DGAC 787","DO","DO","DO","DO","LCK A320F\nLIM-CUZ-LIM\nLA 2013 (08:35-09:55 hrs)\nLA 2014 (10:40-12:15 hrs)\nLCK A320F\nLIM-CUZ-LIM\nLA 2028 (13:25-14:45 hrs)\nLA 2029 (15:30-17:05 hrs)","RESERVA IET","REUNIÓN INSTRUCTORES","DO","DO","CLASE MODELO B787","Blanco","LCK B767\n- LIM-MIA\n- LA 2480 (00:15-06:20 hrs)","PD\n- MIA-LIM\n- LA 2695 (16:10-22:00 hrs)","RESERVA IET\nTARDE","DO","DO","LCK A320F\nLIM-CUZ-LIM\nLA 2007 (09:10-10:30 hrs)\nLA 2008 (11:20-12:55 hrs)\nLCK A320F\nLIM-TPP-LIM\nLA 2087 (14:05-15:30 hrs)\nLA 2088 (16:05-17:30 hrs)","Blanco","CHEQUEO RENOVACIÓN IDE B767\n- LIM-MIA\n- LA 2480 (00:15-06:20 hrs)","CHEQUEO RENOVACIÓN IDE B767\n- MIA-LIM\n- LA 2695 (16:10-22:00 hrs)","RESERVA IET\nTARDE","DO","DO","LCK A320F\nLIM-CUZ-LIM\nLA 2013 (08:35-09:55 hrs)\nLA 2014 (10:40-12:15 hrs)\nLCK A320F\nLIM-CUZ-LIM\nLA 2028 (13:25-14:45 hrs)\nLA 2029 (15:30-17:05 hrs)","LCK A320F\nLIM-CIX-LIM\nLA 2274 (09:35-11:05 hrs)\nLA 2275 (11:45-13:05 hrs)\nLCK A320F\nLIM-CJA-LIM\nLA 2295 (14:10-15:30 hrs)\nLA 2294 (16:10-17:15 hrs)","Reva de Servicio\n(08:30-17:30 hrs)\nDÍA 1\nSVC DE JSBS"],"bp":"29530","nombre":"Jazmin Guerra"},{"nombre":"Claudia Flores","dias":["HO FILE","RESERVA IET","RESERVA IET","EXAMEN TEÓRICO DGAC 787","DO","DO","RESERVA IET","LCK A320F\nLIM-CUZ-LIM\nLA 2013 (08:35-09:55 hrs)\nLA 2014 (10:40-12:15 hrs)\nLCK A320F\nLIM-CUZ-LIM\nLA 2028 (13:25-14:45 hrs)\nLA 2029 (15:30-17:05 hrs)","LCK A320F\nLIM-CIX-LIM\nLA 2274 (09:35-11:05 hrs)\nLA 2275 (11:45-13:05 hrs)\nLCK A320F + Habilitación A320F\nLIM-CJA-LIM\nLA 2295 (14:10-15:30 hrs)\nLA 2294 (16:10-17:15 hrs)","CLASE MODELO B787","REUNIÓN INSTRUCTORES","DO","DO","AUDITORIA EN TIERRA PAU","RESERVA IET","VACACIONES","VACACIONES","VACACIONES","VACACIONES","VACACIONES","VACACIONES","VACACIONES","VACACIONES","VACACIONES","VACACIONES","VACACIONES","VACACIONES","VACACIONES","VACACIONES","VACACIONES"],"bp":"3217561"},{"nombre":"Karla Moz","dias":["LP","LP","LP","LP","LP","LP","LP","LP","LP","LP","LP","LP","LP","LP","LP","LP","LP","LP","LP","LP","LP","LP","LP","LP","LP","LP","LP","LP","LP","LP"],"bp":"71348"},{"nombre":"Erika Dávila","bp":"967092","dias":["HO FILE","Reva de Servicio\n(08:30-17:30 hrs)\nDÍA 1\nSVC DE TCS","Reva de Servicio\n(08:30-17:30 hrs)\nDÍA 1\nSVC DE TCS","Inicial G10","DO","DO","DO","DO","RTI: PRÁCTICA\nA320F / B767\n(08:30-17:30 hrs)\nINS APOYO\nGRUPO 2","LCK B767\n- LIM-SCL\n- LA 2413 (12:05-15:45 hrs)\nLCK B767\n- SCL-LIM\n- LA 2412 (17:10-21:00 hrs)","REUNIÓN INSTRUCTORES\nTARDE","DO","DO","Situaciones de Emergencia A320F\nTripulación de Mando\nLP\n(08:30-17:30 hrs)","Ditching Presencial A320F + HANDS ON\nTripulación de Mando\nLP\n(08:30-17:30 hrs)","RTI: PRÁCTICA\nA320F / B767 / B787\n(08:30-17:30 hrs)\nINS TITULAR\nGRUPO 4","RTI: PRÁCTICA\nA320F / B767 / B787\n(08:30-17:30 hrs)\nINS TITULAR\nGRIPO 4","RTI: PRÁCTICA\nA320F / B767\n(08:30-17:30 hrs)\nINS APOYO\nGRUPO 5","DO","DO","CURSO ASCENSO","CURSO ASCENSO","CURSO ASCENSO","CURSO ASCENSO","HANDS ON B787","DO","DO","LCK ALUMNO","RESERVA IET\nTARDE","RESERVA IET"]},{"bp":"2369641","nombre":"Elizabeth Torres","dias":["Blanco","LCK B767\n- LIM-MIA\n- LA 2480 (00:15-06:20 hrs)","PD\n- MIA-LIM\n- LA 2695 (16:10-22:00 hrs)","RESERVA IET\nTARDE","DO","DO","HO FILE","RESERVA IET","CURSO FORMACIÓN FACILICTADORES CRM","CURSO FORMACIÓN FACILICTADORES CRM","REUNIÓN INSTRUCTORES","DO","DO","Inicial G10","CUMP","VACACIONES","VACACIONES","VACACIONES","VACACIONES","VACACIONES","VACACIONES","VACACIONES","VACACIONES","VACACIONES","VACACIONES","VACACIONES","VACACIONES","VACACIONES","VACACIONES","VACACIONES"]},{"nombre":"Patricia Najar","dias":["VACACIONES","VACACIONES","VACACIONES","VACACIONES","VACACIONES","VACACIONES","VACACIONES","HO FILE","Inicial G9","LCK B767\n- LIM-SCL\n- LA 2413 (12:05-15:45 hrs)\nLCK B767\n- SCL-LIM\n- LA 2412 (17:10-21:00 hrs)","REUNIÓN INSTRUCTORES\nTARDE","DO","DO","AUDITORIA EN TIERRA PAU","Inicial G9","Inicial G9","LCK B767\n- LIM-SCL\n- LA 2413 (12:05-15:45 hrs)\nLCK B767\n- SCL-LIM\n- LA 2412 (17:10-21:00 hrs)","RESERVA IET\nTARDE","DO","DO","LCK A320F\nLIM-CIX-LIM\nLA 2274 (09:35-11:05 hrs)\nLA 2275 (11:45-13:05 hrs)\nLCK A320F\nLIM-CJA-LIM\nLA 2295 (14:10-15:30 hrs)\nLA 2294 (16:10-17:15 hrs)","Chequeo DGAC B767\nAvión Energizado","Blanco","LCK B767\n- LIM-MIA\n- LA 2480 (00:15-06:20 hrs)","PD\n- MIA-LIM\n- LA 2481 (15:55-21:40 hrs)","DO","DO","PREPARACIÓN AUDITORÍA IOSA CAB","PREPARACIÓN AUDITORÍA IOSA CAB","PREPARACIÓN AUDITORÍA IOSA CAB"],"bp":"2369624"},{"bp":"3134911","nombre":"Javier Zapata","dias":["LCK A320F\nLIM-CIX-LIM\nLA 2274 (09:35-11:05 hrs)\nLA 2275 (11:45-13:05 hrs)\nLCK A320F\nLIM-CJA-LIM\nLA 2295 (14:10-15:30 hrs)\nLA 2294 (16:10-17:15 hrs)","HO FILE","LCK A320F\nLIM-CUZ-LIM\nLA 2007 (09:10-10:30 hrs)\nLA 2008 (11:20-12:55 hrs)\nLCK A320F\nLIM-TPP-LIM\nLA 2087 (14:05-15:30 hrs)\nLA 2088 (16:05-17:30 hrs)","LCK B767\n- LIM-SCL\n- LA 2413 (12:05-15:45 hrs)\nLCK B767\n- SCL-LIM\n- LA 2412 (17:10-21:00 hrs)","DO","DO","TALLER VOLUNTARIO DE SEGURIDAD","LCK A320F\nLIM-CUZ-LIM\nLA 2007 (09:10-10:30 hrs)\nLA 2008 (11:20-12:55 hrs)\nLCK A320F\nLIM-CJA-LIM\nLA 2295 (14:10-15:30 hrs)\nLA 2294 (16:10-17:15 hrs)","RTI: PRÁCTICA\nA320F / B767\n(08:30-17:30 hrs)\nINS APOYO TM\nGRUPO 2","Inicial G9","REUNIÓN INSTRUCTORES","DO","DO","Inicial G9","Inicial G9","Inicial G10","LCK B767\n- LIM-SCL\n- LA 2413 (12:05-15:45 hrs)\nLCK B767\n- SCL-LIM\n- LA 2412 (17:10-21:00 hrs)","RESERVA IET\nTARDE","DO","DO","DO","DO","LCK A320F + Habilitación A320F\nLIM-CUZ-LIM\nLA 2007 (09:10-10:30 hrs)\nLA 2008 (11:20-12:55 hrs)\nLCK A320F\nLIM-CUZ-LIM\nLA 2232 (13:55-15:15 hrs)\nLA 2233 (15:55-17:35 hrs)","LCK B767\n- LIM-SCL\n- LA 2413 (12:05-15:45 hrs)\nLCK B767\n- SCL-LIM\n- LA 2412 (17:10-21:00 hrs)","RESERVA IET\nTARDE","DO","DO","LCK B767\n- LIM-MIA\n- LA 2698 (08:15-14:20 hrs)","Blanco","PD\n- MIA-LIM\n- LA 2699 (23:15-05:00 hrs)"]},{"dias":["HO FILE","Blanco","LCK B767\n- LIM-MIA\n- LA 2480 (00:15-06:20 hrs)","PD\n- MIA-LIM\n- LA 2481 (15:55-21:40 hrs)","DO","DO","Inicial G9","VACACIONES","VACACIONES","VACACIONES","VACACIONES","VACACIONES","VACACIONES","VACACIONES","VACACIONES","Inicial G9","LCK A320F\nLIM-CUZ-LIM\nLA 2013 (08:35-09:55 hrs)\nLA 2014 (10:40-12:15 hrs)\nLCK A320F\nLIM-CUZ-LIM\nLA 2028 (13:25-14:45 hrs)\nLA 2029 (15:30-17:05 hrs)","RTI: PRÁCTICA\nA320F / B767\n(08:30-17:30 hrs)\nINS APOYO TM\nGRUPO 5","DO","DO","Blanco","LCK B767\n- LIM-MIA\n- LA 2480 (00:15-06:20 hrs)","Habilitación B767\n- MIA-LIM\n- LA 2481 (15:55-21:40 hrs)","RESERVA IET\nTARDE","RTI: PRÁCTICA\nA320F / B767\n(08:30-17:30 hrs)\nINS APOYO TM\nGRUPO 6","DO","DO","LCK A320F\nLIM-CIX-LIM\nLA 2274 (09:35-11:05 hrs)\nLA 2275 (11:45-13:05 hrs)\nLCK A320F\nLIM-CJA-LIM\nLA 2295 (14:10-15:30 hrs)\nLA 2294 (16:10-17:15 hrs)","Reva de Servicio\n(08:30-17:30 hrs)\nDÍA 1\nSVC DE TCS","LCK A320F\nLIM-CUZ-LIM\nLA 2007 (09:10-10:30 hrs)\nLA 2008 (11:20-12:55 hrs)\nLCK A320F\nLIM-CUZ-LIM\nLA 2232 (13:55-15:15 hrs)\nLA 2233 (15:55-17:35 hrs)"],"nombre":"Jefferson Mendez","bp":"3750335"},{"nombre":"Gabriela Ungaro","dias":["HO FILE","LCK A320F\nLIM-CUZ-LIM\nLA 2007 (09:10-10:30 hrs)\nLA 2008 (11:20-12:55 hrs)\nLCK A320F\nLIM-CUZ-LIM\nLA 2232 (13:55-15:15 hrs)\nLA 2233 (15:55-17:35 hrs)","RESERVA IET","Inicial G9","DO","DO","LCK A320F\nLIM-CIX-LIM\nLA 2274 (09:35-11:05 hrs)\nLA 2275 (11:45-13:05 hrs)\nLCK A320F\nLIM-CJA-LIM\nLA 2295 (14:10-15:30 hrs)\nLA 2294 (16:10-17:15 hrs)","Inicial G9","RTI: PRÁCTICA\nA320F / B767\n(08:30-17:30 hrs)\nINS TITULAR\nGRUPO 2","RTI: PRÁCTICA\nA320F / B767\n(08:30-17:30 hrs)\nINS APOYO\nGRUPO 3","REUNIÓN INSTRUCTORES","DO","DO","Inicial G9","Inicial G9","RTI: VIRTUAL\nA320F / B767\n(08:30-17:30 hrs)\nINS TITULAR\nGRUPO 5","LCK A320F\nLIM-CIX-LIM\nLA 2274 (09:35-11:05 hrs)\nLA 2275 (11:45-13:05 hrs)\nLCK A320F\nLIM-CIX-LIM\nLA 2282 (14:35-16:05 hrs)\nLA 2283 (16:50-18:10 hrs)","RTI: PRÁCTICA\nA320F / B767\n(08:30-17:30 hrs)\nINS TITULAR\nGRUPO 5","DO","DO","DO","DO","Inicial G10","LCK A320F\nLIM-CUZ-LIM\nLA 2013 (08:35-09:55 hrs)\nLA 2014 (10:40-12:15 hrs)\nLCK A320F\nLIM-CUZ-LIM\nLA 2028 (13:25-14:45 hrs)\nLA 2029 (15:30-17:05 hrs)","LCK B767\n- LIM-SCL\n- LA 2413 (12:05-15:45 hrs)\nLCK B767\n- SCL-LIM\n- LA 2412 (17:10-21:00 hrs)","DO","DO","Blanco","LCK B767\n- LIM-MIA\n- LA 2480 (00:15-06:20 hrs)","PD\n- MIA-LIM\n- LA 2481 (15:55-21:40 hrs)"],"bp":"3852423"},{"dias":["AUDITORÍA\nLIM-MEX-LIM\nLA 2472 (08:45-14:50 hrs)","AUDITORÍA\nLIM-MEX-LIM\nLA 2471 (16:10-22:05 hrs)","RESERVA IET\nTARDE","Inicial G9","DO","DO","Blanco","LCK B767\n- LIM-MIA\n- LA 2480 (00:15-06:20 hrs)","PD\n- MIA-LIM\n- LA 2481 (15:55-21:40 hrs)","RESERVA IET\nTARDE","REUNIÓN INSTRUCTORES","DO","DO","AUDITORIA EN TIERRA PAU","RESERVA IET","VACACIONES","VACACIONES","VACACIONES","VACACIONES","VACACIONES","VACACIONES","VACACIONES","VACACIONES","VACACIONES","VACACIONES","VACACIONES","VACACIONES","VACACIONES","VACACIONES","VACACIONES"],"bp":"2604360","nombre":"Mariella Carrasco"},{"bp":"2823133","nombre":"Cesar Campos","dias":["REALIDAD VIRTUAL\nINS","Inicial G9","HO FILE","RTI: PRÁCTICA\nA320F / B767\n(08:30-17:30 hrs)\nINS APOYO\nGRUPO 1","DO","DO","Inicial G9","Inicial G9","Inicial G9","Inicial G10","REUNIÓN INSTRUCTORES","DO","DO","DO","DO","Blanco","CHEQUEO BI ANUAL INST B767\n- LIM-MIA\n- LA 2480 (00:15-06:20 hrs)","CHEQUEO BI ANUAL INST B767\n- MIA-LIM\n- LA 2481 (15:55-21:40 hrs)","DO","DO","CERTIFICACIÓN PRIMEROS AUXILIOS","Inicial G9","RTI: VIRTUAL\nA320F / B767\n(08:30-17:30 hrs)\nINS TITULAR\nGRUPO 6","Inicial G9","RTI: PRÁCTICA\nA320F / B767\n(08:30-17:30 hrs)\nINS TITULAR\nGRUPO 6","DO","DO","Inicial G9","HANDS ON B767","RESERVA IET"]},{"nombre":"Kevin Segovia","bp":"3189967","dias":["VACACIONES","VACACIONES","VACACIONES","VACACIONES","VACACIONES","VACACIONES","VACACIONES","VACACIONES","VACACIONES","VACACIONES","VACACIONES","VACACIONES","VACACIONES","VACACIONES","VACACIONES","VACACIONES","VACACIONES","VACACIONES","DO","DO","CERTIFICACIÓN PRIMEROS AUXILIOS","EXP RECIENTE A320","EXP RECIENTE B767","EXP RECIENTE B767","EXP RECIENTE B767","DO","DO","PREPARACIÓN AUDITORÍA IOSA CAB","PREPARACIÓN AUDITORÍA IOSA CAB","PREPARACIÓN AUDITORÍA IOSA CAB"]},{"dias":["LCK ALUMNO + HAB","RTI: VIRTUAL \nA320F / B767\n(08:30-17:30 hrs)\nINS TITULAR\nGRUPO 1","Inicial G10","RTI: PRÁCTICA\nA320F / B767\n(08:30-17:30 hrs)\nINS TITULAR\nGRUPO 1","DO","DO","Inicial G10","Inicial G10","Inicial G10","RTI: PRÁCTICA\nA320F / B767\n(08:30-17:30 hrs)\nINS TITULAR\nGRUPO 3","REUNIÓN INSTRUCTORES","DO","DO","TALLER VOLUNTARIO DE SEGURIDAD","Inicial G10","Blanco","CHEQUEO BI ANUAL INST B767\n- LIM-MIA\n- LA 2480 (00:15-06:20 hrs)","CHEQUEO BI ANUAL INST B767\n- MIA-LIM\n- LA 2481 (15:55-21:40 hrs)","DO","DO","DO","DO","Inicial G10","Inicial G10","Inicial G10","DO","DO","Inicial G10","Inicial G10","Inicial G10"],"bp":"2415373","nombre":"Milagros Salas"},{"nombre":"Judith Fernandez","dias":["HO FILE","Inicial G9","RESERVA IET","RTI: PRÁCTICA\nA320F / B767\n(08:30-17:30 hrs)\nINS APOYO TM\nGRUPO 1","DO","DO","Inicial G9","Inicial G9","Inicial G9","Inicial G9","REUNIÓN INSTRUCTORES","DO","DO","TALLER VOLUNTARIO DE SEGURIDAD","HANDS ON B767","RESERVA IET","EXP RECIENTE A320","Reentrenamiento B767\n- LIM-SCL\n- LA 2413 (12:05-15:45 hrs)\nLCK B767\n- SCL-LIM\n- LA 2412 (17:10-21:00 hrs)","DO","DO","Inicial G9","Reva de Servicio\n(08:30-17:30 hrs)\nDÍA 1\nSVC DE TCS","Inicial G9","Inicial G9","RESERVA IET","DO","DO","DO","DO","RESERVA IET"],"bp":"2440915"},{"bp":"3796947","nombre":"Rafael Nieto","dias":["SICK","SICK","SICK","SICK","SICK","SICK","SICK","SICK","SICK","SICK","REUNIÓN INSTRUCTORES","SICK","SICK","SICK","SICK","SICK","SICK","SICK","SICK","SICK","SICK","SICK","SICK","SICK","SICK","SICK","SICK","SICK","SICK","SICK"]},{"dias":["Reva de Servicio\n(08:30-17:30 hrs)\nDÍA 1\nSVC DE TCS","HO FILE","LCK B767\n- LIM-SCL\n- LA 2413 (12:05-15:45 hrs)\nLCK B767\n- SCL-LIM\n- LA 2412 (17:10-21:00 hrs)","RESERVA IET\nTARDE","DO","DO","TALLER VOLUNTARIO DE SEGURIDAD","RTI: VIRTUAL\nA320F / B767\n(08:30-17:30 hrs)\nINS TITULAR\nGRUPO 2","RTI: VIRTUAL\nA320F / B767\n(08:30-17:30 hrs)\nINS TITULAR\nGRUPO 3","RTI: PRÁCTICA\nA320F / B767\n(08:30-17:30 hrs)\nINS APOYO TM\nGRUPO 3","REUNIÓN INSTRUCTORES","DO","DO","Inicial G9","RTI: VIRTUAL\nA320F / B767 / B787\n(08:30-17:30 hrs)\nINS TITULAR\nGRUPO 4","Blanco","CHEQUEO BI ANUAL INST B767\n- LIM-MIA\n- LA 2480 (00:15-06:20 hrs)","CHEQUEO BI ANUAL INST B767\n- MIA-LIM\n- LA 2481 (15:55-21:40 hrs)","DO","DO","CERTIFICACIÓN PRIMEROS AUXILIOS","Situaciones de Emergencia A320F\nTripulación de Mando\nLP\n(08:30-17:30 hrs)","LCK ALUMNO + HAB","Reva de Servicio\n(08:30-17:30 hrs)\nDÍA 1\nSVC DE TCS","RTI: PRÁCTICA\nA320F / B767\n(08:30-17:30 hrs)\nINS APOYO\nGRUPO 6","DO","DO","DO","DO","RESERVA IET"],"bp":"3841387","nombre":"Gianfranco Celiz"}],"fuente":"Rol_Instructores_LP_OCTUBRE_old.xlsx","mes":"2026-09","hoja":"ROL INS"} | C10: 46296.54
A11: 2026-10 | B11: {"mes":"2026-10","hoja":"ROL INS","fuente":"10 - Rol_Instructores_LP_OCTUBRE_1.xlsx","instructores":[{"bp":"2713993","dias":["IOSA","IOSA","FDS","FDS","VACACIONES","VACACIONES","VACACIONES","VACACIONES","VACACIONES","VACACIONES","VACACIONES","VACACIONES","VACACIONES","VACACIONES","VACACIONES","VACACIONES","VACACIONES","VACACIONES","VACACIONES","VACACIONES","VACACIONES","VACACIONES","VACACIONES","FDS","FDS","VACACIONES","VACACIONES","VACACIONES","VACACIONES","VACACIONES","VACACIONES"],"nombre":"Fiorella Ruiz"},{"dias":["RESERVA IET \n(09:30 - 17:30 pm)","LCK A320F\nLIM-CUZ-LIM\nLA 2007(10:30:40-10:00 hrs)\nLA 2008(10:40-12:15 hrs)\nLCK A320F\nLIM-CIX-LIM\nLA 2152(13:25-14:45 hrs)\nLA 2153(15:30-17:05 hrs)","FDS","FDS","Blanco","LCK B767\n- LIM-MIA\n- LA 2480 (00:15-06:20 hrs)","LCK B767\n- MIA-LIM\n- LA 2481 (15:55-21:40 hrs)","FERIADO","REUNIÓN INSTRUCTORES","FDS","FDS","Blanco","LCK B767\n- LIM-MIA\n- LA 2480 (00:15-06:20 hrs)","LCK B767\n- MIA-LIM\n- LA 2481 (15:55-21:40 hrs)","HO FILE TARDE","CURSO B787","FDS","FDS","Inicial G10","DITCHING B787","LCK A320F\nLIM-CUZ-LIM\n(LA 2007 - LA 2008)","HO FILE TARDE","LCK A320F\nLIM-CUZ-LIM\n(LA 2007 - LA 2008)\nLCK A320F\nLIM-TPP-LIM\n(LA 2087 -LA 2088)","FDS","FDS","CURSO B787","LCK B787\n- LIM-SCL\n- LA 2697 (09:35-13:00 hrs)\nLCK B787 \n- SCL-LIM\n- LA 2696 (16:00-19:45 hrs)","HO FILE TARDE","RTI: PRÁCTICA\nA320F / B767 / B787\n(08:30-17:30 hrs)\nINS TITULAR B787\nGRUPO 5","LCK B787 ALUMNO (CST)\n- LIM-SCL\n- LA 2697 (09:35-13:00 hrs)\nLCK B787 ALUMNO (CST)\n- SCL-LIM\n- LA 2696 (16:00-19:45 hrs)","DO"],"bp":"2396710","nombre":"Sebastian Correa"},{"dias":["VACACIONES","VACACIONES","VACACIONES","VACACIONES","VACACIONES","VACACIONES","VACACIONES","VACACIONES","VACACIONES","VACACIONES","VACACIONES","VACACIONES","VACACIONES","VACACIONES","VACACIONES","VACACIONES","VACACIONES","VACACIONES","HB6\nCurso B767\n(08:30-17:30hrs)","LCK B787\n- LIM-SCL\n- LA 2697 (09:35-13:00 hrs)\nLCK B787\n- SCL-LIM\n- LA 2696 (16:00-19:45 hrs)","Blanco","LCK B767\n- LIM-MIA\n- LA 2480 (00:15-06:20 hrs)","LCK B767\n- MIA-LIM\n- LA 2481 (15:55-21:40 hrs)","FDS","FDS","Reentrenamiento \n- LIM-SCL\n- LA 2697 (09:35-13:00 hrs)\n Habilitación B787\n- SCL-LIM\n- LA 2696 (16:00-19:45 hrs)","HO FILE TARDE","RTI: VIRTUAL\nA320F / B767\n(08:30-17:30 hrs)\nINS TITULAR\nGRUPO 6","RTI: PRÁCTICA\nA320F / B767 / B787\n(08:30-17:30 hrs)\nINS APOYO \nGRUPO 5","LCK B787\n- LIM-SCL\n- LA 2697 (09:35-13:00 hrs)\nPD *B787\n- SCL-LIM\n- LA 2696 (16:00-19:45 hrs)","DO"],"nombre":"Christian Rondon","bp":"1271571"},{"bp":"2843319","dias":["IOSA","IOSA","DO","DO","BACK UP JB","BACK UP JB\n-\nClase Modelo B787","LCK A320F\nLIM-TRU-LIM\nLA 2045 (10:30:40-10:00 hrs)\nLA 2046 (10:40-12:15 hrs)","VACACIONES","VACACIONES","VACACIONES","VACACIONES","VACACIONES","VACACIONES","VACACIONES","VACACIONES","VACACIONES","VACACIONES","VACACIONES","VACACIONES","VACACIONES","VACACIONES","VACACIONES","VACACIONES","DO","DO","LCK A320F\nLIM-PIU-LIM\nLA 2316 (10:30:40-10:00 hrs)\nLA 2317(10:40-12:15 hrs)","HAB B787 CST","CURSO 50%","LCK A320F\nLIM-AQP-LIM\n(LA 2123 -LA 2124)\nLCK A320F\nLIM-CJA-LIM\n(LA 2295 -LA 2294)","CHEQUEO DGAC INSTRUCTOR B787 - POI\nAvión Energizado","DO"],"nombre":"Karen Santa Cruz"},{"nombre":"Jennifert Acurio","dias":["Habilitación *\n- MIA-LIM\n- LA 2695(22:30 17:30 hrs)","RESERVA IET TARDE (15:00 - 17:30 pm)","DO","DO","LCK B767\n- LIM-MIA\n- LA2698 (08:15-15:20 hrs)","Habilitación B767\n- MIA-LIM\n- LA 2695(15:55-21:40 hrs)","RESERVA IET TARDE \n(14:00 - 17:30 )","FERIADO","REUNIÓN INSTRUCTORES\n-\nClase Modelo B787","DO","DO","LCK B767\n- LIM-MIA\n- LA 2694 (13:30-19:35 hrs)","Blanco","LCK B767\n- MIA-LIM\n- LA 2699 (23:15-05:00 hrs)","LCK B767\n- LIM-SCL\n- LA 2413 (12:05-15:45 hrs)\nLCK B767\n- SCL-LIM\n- LA 2412","RESERVA IET TARDE \n(15:00 - 17:30 pm)","DO","DO","DITCHING B767","LCK B767\n- LIM-MIA\n- LA 2480","LCK B767\n- MIA-LIM\n- LA 2481","DO","DO","DO","DO","Chequeo INS LATAM\n- LIM-SCL\n- LA 2697 (09:35-13:00 hrs)\n \n- SCL-LIM\n- LA 2696 (16:00-19:45 hrs)","CURSO ESTANDARIZACIÓN AM/ PM (09.00 - 17:30)","INICIAL G12","LCK A320F\nLIM-CJA-LIM\nLA 2350(10:30:40-10:00 hrs)\nLA 2351 (10:40-12:15 hrs)\nLCK A320F\nLIM-TRU-LIM\nLA 2131(13:25-14:45 hrs)\nLA 2132 (15:30-17:05 hrs)","CHEQUEO DGAC INSTRUCTOR B787 - POI\nAvión Energizado","DO"],"bp":"3779550"},{"dias":["VACACIONES","VACACIONES","VACACIONES","VACACIONES","VACACIONES","VACACIONES","VACACIONES","VACACIONES","Clase Modelo B787","VACACIONES","VACACIONES","VACACIONES","VACACIONES","VACACIONES","VACACIONES","Reva de Servicio\n(08:30-17:30 hrs)\nDÍA 1\nSVC DE TCS","DO","DO","LCK B767- \nLIM-MIA\n- LA 2694 (13:30-13:25 hrs)","LCK B767\n- MIA-LIM\n- LA 2695 (16:55-21:40 hrs)","VUELO IDA LIM SCL","COBUS SCL A320XLR","VUELO REGRESO SCL LIM","DO","DO","LCK A320F\nLIM-AQP-LIM\nLA 2123(10:30:40-10:00 hrs)\nLA 2124 (10:40-12:15 hrs)\nLCK A320F\nLIM-CJA-LIM\nLA 2295(13:25-14:45 hrs)\nLA 2294 (15:30-17:05 hrs)","Inicial G10","Inicial G10","LCK A320F\nLIM-TRU-LIM\nLA 2139(10:30:40-10:00 hrs)\nLA 2140 (10:40-12:15 hrs)\nLCK A320F\nLIM-AQP-LIM\nLA 2113 (13:25-14:45 hrs)\nLA 2112(15:30-17:05 hrs)","CHEQUEO DGAC INSTRUCTOR B787 - POI\nAvión Energizado","DO"],"bp":"29530","nombre":"Jazmin Guerra"},{"nombre":"Claudia Flores","dias":["HABILITACION B787 (CST)\n- LIM-SCL\n- LA 2697 (09:35-13:00 hrs)\nHABILITACION B787 (CST)\n- SCL-LIM\n- LA 2696 (16:00-19:45 hrs)","RESERVA IET TARDE (14:30 - 17:30 pm)","DO","DO","Chequeo DGAC B767\nAvión Energizado","Clase Modelo B787","RTI: PRÁCTICA\nA320F / B767\n(08:30-17:30 hrs)\nINS APOYO TM A320F\nGRUPO 1","FERIADO","REUNIÓN INSTRUCTORES","DO","DO","TALLER VOLUNTARIO DE SEGURIDAD","Blanco","LCK B767\n- LIM-MIA\n- LA 2480 (00:15-06:20 hrs)","Habilitación B767\n- MIA-LIM\n- LA 2695","RESERVA IET TARDE","DO","DO","Recalificación B767\nAvión Energizado","HB6\nCurso B767\n(08:30-17:30hrs)","HB6\nCurso B767\n(08:30-17:30hrs)","DO","DO","DO","DO","Chequeo INS LATAM\n- LIM-SCL\n- LA 2697 (09:35-13:00 hrs)\n \n- SCL-LIM\n- LA 2696 (16:00-19:45 hrs)","TALLER VOLUNTARIO DE SEGURIDAD","RTI: PRÁCTICA\nA320F / B767 / B787\n(08:30-17:30 hrs)\nINS APOYO\nGRUPO 5","RESERVA IET","CHEQUEO DGAC INSTRUCTOR B787 - POI\nAvión Energizado","DO"],"bp":"3217561"},{"bp":"71348","dias":["RESERVA IET","RESERVA IET","DO","DO","","","","","LP","DO","DO","","","","","","DO","DO","","","HO FILE TARDE","","","DO","DO","","","","","","DO"],"nombre":"Karla Moz"},{"bp":"967092","nombre":"Erika Dávila","dias":["INICIAL G11","LCK B767 ALUMNO (CCM)\n- LIM-SCL\n- LA 2413 (09:35-13:00 hrs)\nLCK B767 ALUMNO (CCM)\n- SCL-LIM\n- LA 2412 (16:00-19:45 hrs)","DO","DO","DO","DO","RESERVA IET\n( 11:30 - 17:30)","FERIADO","REUNIÓN INSTRUCTORES","DO","DO","RESERVA IET","CURSO B787","CURSO B787","RTI: VIRTUAL\nA320F / B767\n(08:30-17:30 hrs)\nINS TITULAR\nGRUPO 3","CURSO B787","DO","DO","CURSO B787","CURSO B787","HB6\nCurso B767\n(08:30-17:30hrs)","HANDS ON B767","Reva de Servicio\n(08:30-17:30 hrs)\nDÍA 1\nSVC DE TCS","DO","DO","CURSO B787","RESERVA IET","CUMP","CUMP","RESERVA IET","DO"]},{"bp":"2369641","nombre":"Elizabeth Torres","dias":["LCK B767\n- LIM-SCL\n- LA 2413 (12:05-15:45 hrs)\nLCK B767\n- SCL-LIM\n- LA 2412 (17:10-21:00 hrs)","RESERVA IET TARDE \n(16:30 - 17:30 )","DO","DO","RTI \n(E-LEARNING HABILITACIÓN)","RTI: VIRTUAL\nA320F / B767\n(08:30-17:30 hrs)\nINS TITULAR \n(HABILITACIÓN)\nGRUPO 1","RTI: VIRTUAL\nA320F / B767\n(08:30-17:30 hrs)\nINS TITULAR\n(HABILITACIÓN)\nGRUPO 1","FERIADO","RTI \n(E-LEARNING HABILITACIÓN)","DO","DO","LCK A320F\nLIM-CUZ-LIM\nLA 2013 (10:30:40-10:00 hrs)\nLA 2014 (10:40-12:15 hrs)\nLCK A320F\nLIM-CIX-LIM\nLA 2152 (13:25-14:45 hrs)\nLA 2153 (15:30-17:05 hrs)","LCK A320F\nLIM-CUZ-LIM\nLA 2075 (10:30:40-10:00 hrs)\nLA 2076(10:40-12:15 hrs)\nLCK A320F\nLIM-PCL-LIM\nLA 2360 (13:25-14:45 hrs)\nLA 2361(15:30-17:05 hrs)","Blanco","LCK B767\n- LIM-MIA\n- LA 2480 (00:15-06:20 hrs)","Habilitacion B767\n- MIA-LIM\n- LA 2481 (15:55-21:40 hrs)","DO","DO","INICIAL G11","LCK A320F\nLIM-CUZ-LIM\nLA 2013 (10:30:40-10:00 hrs)\nLA 2014 (10:40-12:15 hrs)\nLCK A320F\nLIM-CUZ-LIM\nLA 2028 (13:25-14:45 hrs)\nLA 2029 (15:30-17:05 hrs)","LCK A320F\nLIM-CJA-LIM\nLA 2295 (10:30:40-10:00 hrs)\nLA 2294 (10:40-12:15 hrs)","DO","DO","DO","DO","CURSO 50%","INICIAL G11","LCK A320F\nLIM-PIU-LIM\nLA 2306 (10:30:40-10:00 hrs)\nLA 2307 (10:40-12:15 hrs)\nLCK A320F\nLIM-TRU-LIM\nLA 2131(13:25-14:45 hrs)\nLA 2132(15:30-17:05 hrs)","RESERVA IET","CURSO 50%","DO"]},{"dias":["VACACIONES","VACACIONES","VACACIONES","VACACIONES","VACACIONES","VACACIONES","VACACIONES","VACACIONES","VACACIONES","VACACIONES","VACACIONES","VACACIONES","VACACIONES","VACACIONES","VACACIONES","LCK B767\n- LIM-SCL\n- LA 2413 (12:05-15:45 hrs)\nLCK B767\n- SCL-LIM\n- LA 2412 (17:10-21:00 hrs)","DO","DO","CURSO 50%","AUDITORIA\nPROCAB: REVISIÓN PROCESOS, POLÍTICAS Y DOCUMENTOS","RTI: VIRTUAL\nA320F / B767\n(08:30-17:30 hrs)\nINS TITULAR\nGRUPO 4","RESERVA IET","LCK A320F\nLIM-PIU-LIM\nLA 2306(10:30:40-10:00 hrs)\nLA 2307 (10:40-12:15 hrs)","DO","DO","Blanco","LCK B767\n- LIM-MIA\n- LA 2480 (00:15-06:20 hrs)","PD\n- MIA-LIM\n- LA 2481 (15:55-21:40 hrs)","HO FILE TARDE","Inicial G10","DO"],"nombre":"Patricia Najar","bp":"2369624"},{"nombre":"Javier Zapata","dias":["VACACIONES","VACACIONES","VACACIONES","VACACIONES","VACACIONES","VACACIONES","VACACIONES","VACACIONES","VACACIONES","VACACIONES","VACACIONES","VACACIONES","VACACIONES","VACACIONES","VACACIONES","VACACIONES","VACACIONES","VACACIONES","VACACIONES","VACACIONES","VACACIONES","VACACIONES","VACACIONES","DO","DO","LCK A320F\nLIM-PIU-LIM\nLA 2306(10:30:40-10:00 hrs)\nLA 2307 (10:40-12:15 hrs)\nLCK A320F\nLIM-TRU-LIM\nLA 2131(13:25-14:45 hrs)\nLA 2132(15:30-17:05 hrs)","LCK B767\n- LIM-MIA\n- LA 2487 (12:05-15:45 hrs)\nLCK B767\n- MIA-LIM\n- LA 2486(17:10-21:00 hrs)","RESERVA IET TARDE \n(16:30 - 17:30)","LCK A320F\nLIM-TCQ-LIM\nLA 2067(10:30:40-10:00 hrs)\nLA 2068 (10:40-12:15 hrs)","Inicial G10","DO"],"bp":"3134911"},{"dias":["LCK A320F\nLIM-CIX-LIM\nLA 2152(10:30:40-10:00 hrs)\nLA 2153 (10:40-12:15 hrs)","LCK B767\n- LIM-SCL\n- LA 2413 (12:05-15:45 hrs)\nLCK B767\n- SCL-LIM\n- LA 2412 (17:10-21:00 hrs)","DO","DO","DO","HO FILE","LCK A320F\nLIM-AQP-LIM\nLA 2123 (10:30:40-10:00 hrs)\nLA 2124 (10:40-12:15 hrs)\nLCK A320F\nLIM-TRU-LIM\nLA 2135(13:25-14:45 hrs)\nLA 2136(15:30-17:05 hrs)","FERIADO","REUNIÓN INSTRUCTORES","DO","DO","LCK A320F\nLIM-CIX-LIM\nLA 2274(10:30:40-10:00 hrs)\nLA 2275(10:40-12:15 hrs)\nLCK A320F\nLIM-TPP-LIM\nLA 2087(13:25-14:45 hrs)\nLA 2088 (15:30-17:05 hrs)","RESERVA IET","RTI: PRÁCTICA\nA320F / B767\n(08:30-17:30 hrs)\nINS APOYO\nGRUPO 2","Inicial G10","DO","DO","VACACIONES","VACACIONES","VACACIONES","VACACIONES","VACACIONES","VACACIONES","VACACIONES","VACACIONES","LCK A320F\nLIM-TPP-LIM\nLA 2087 (10:30:40-10:00 hrs)\nLA 2088 (10:40-12:15 hrs)","INICIAL G12","Blanco","LCK B767\n- LIM-MIA\n- LA 2480 (00:15-06:20 hrs)","LCK B767\n- MIA-LIM\n- LA 2481 (15:55-21:40 hrs)","DO"],"bp":"3750335","nombre":"Jefferson Mendez"},{"bp":"3852423","dias":["RESERVA IET TARDE \n(13:30 - 17:30","LCK A320F\nLIM-AQP-LIM\nLA 2045 (10:30:40-10:00 hrs)\nLA 2046 (10:40-12:15 hrs)\nLCK A320F\nLIM-CUZ-LIM\nLA 2207(13:25-14:45 hrs)\nLA 2208 (15:30-17:05 hrs)","DO","DO","DO","DO","BACK UP JB","FERIADO","BACK UP JB","DO","DO","Reva de Servicio\n(08:30-17:30 hrs)\nDÍA 1\nSVC DE JSBS","LCK A320F\nLIM-CJA-LIM\nLA 2350 (10:30:40-10:00 hrs)\nLA 2351 (10:40-12:15 hrs)\nLCK A320F\nLIM-TPP-LIM\nLA 2087(13:25-14:45 hrs)\nLA 2088 (15:30-17:05 hrs)","RTI: PRÁCTICA\nA320F / B767\n(08:30-17:30 hrs)\nINS APOYO TM A320F\nGRUPO 2","RTI: VIRTUAL\nA320F / B767\n(08:30-17:30 hrs)\nINS APOYO\nGRUPO 3","Inicial G10","DO","DO","CHEQUEO RENOVACIÓN IDE A320","INICIAL G11","RTI: VIRTUAL\nA320F / B767\n(08:30-17:30 hrs)\nINS TITULAR\nGRUPO 4","LCK B767\n- LIM-SCL\n- LA 2413 (12:05-15:45 hrs)\nLCK B767\n- SCL-LIM\n- LA 2412 (17:10-21:00 hrs)","HO FILE TARDE\n (16:30 - 17:30)","DO","DO","LCK A320F\nLIM-TBP-LIM\nLA 2052 (10:30:40-10:00 hrs)\nLA 2051 (10:40-12:15 hrs)","Blanco","LCK B767\n- LIM-MIA\n- LA 2480 (00:15-06:20 hrs)","LCK B767\n- MIA-LIM\n- LA 2695","HO FILE TARDE \n(14:00 - 17:30)","DO"],"nombre":"Gabriela Ungaro"},{"nombre":"Mariella Carrasco","bp":"2604360","dias":["IOSA","IOSA","DO","DO","LCK B767\n- LIM-MIA\n- LA 2694 (13:30-19:35 hrs)","Blanco","LCK B767\n- MIA-LIM\n- LA 2699 (23:15-05:00 hrs)","FERIADO","REUNIÓN INSTRUCTORES","DO","DO","TALLER VOLUNTARIO DE SEGURIDAD","RTI: VIRTUAL\nA320F / B767\n(08:30-17:30 hrs)\nINS TITULAR\nGRUPO 2","RTI: VIRTUAL\nA320F / B767\n(08:30-17:30 hrs)\nINS TITULAR\nGRUPO 3","RTI: VIRTUAL\nA320F / B767\n(08:30-17:30 hrs)\nINS APOYO TM\nGRUPO 3","INICIAL G11","DO","DO","CHEQUEO RENOVACIÓN IDE A320","LCK B767\n- LIM-MIA\n- LA 2694 (13:30-19:35 hrs)","Blanco","Habilitación *\n- MIA-LIM\n- LA 2699 (23:15-05:00 hrs)","LCK B767\n- LIM-SCL\n- LA 2413 (12:05-15:45 hrs)\nLCK B767\n- SCL-LIM\n- LA 2412 (17:10-21:00 hrs)","DO","DO","DO","DO","RESERVA IET\n (11:30 am - 17:30 pm)","LCK A320F\nLIM-CUZ-LIM\nLA 2007(10:30:40-10:00 hrs)\nLA 2008(10:40-12:15 hrs)\nLCK A320F\nLIM-TPP-LIM\nLA 2087(13:25-14:45 hrs)\nLA 2088(15:30-17:05 hrs)","Reva de Servicio\n(08:30-17:30 hrs)\nDÍA 1\nSVC DE TCS","DO"]},{"bp":"2823133","nombre":"Cesar Campos","dias":["Inicial G10","DESAYUNO","DO","DO","HO FILE","Reva de Servicio\n(08:30-17:30 hrs)\nDÍA 1\nSVC DE TCS","RTI: PRÁCTICA\nA320F / B767\n(08:30-17:30 hrs)\nINS APOYO\nGRUPO 1","FERIADO","REUNIÓN INSTRUCTORES","DO","DO","INICIAL G12","INICIAL G12","RTI: PRÁCTICA\nA320F / B767\n(08:30-17:30 hrs)\nINS APOYO\nGRUPO 2","DO","DO","DO","DO","TALLER VOLUNTARIO DE SEGURIDAD","DITCHING B787","CURSO 50%","CURSO 50%","CURSO 50%","DO","DO","INICIAL G11","TALLER VOLUNTARIO DE SEGURIDAD","INICIAL G11","RESERVA IET","RESERVA IET","DO"]},{"dias":["VACACIONES","VACACIONES","VACACIONES","VACACIONES","VACACIONES","VACACIONES","VACACIONES","VACACIONES","VACACIONES","VACACIONES","VACACIONES","VACACIONES","VACACIONES","VACACIONES","VACACIONES","VACACIONES","VACACIONES","VACACIONES","TALLER VOLUNTARIO DE SEGURIDAD","CURSO ESTANDARIZACIÓN PM","RTI: VIRTUAL\nA320F / B767\n(08:30-17:30 hrs)\nINS TITULAR\nGRUPO 4","Inicial G10","HB6\nCurso B767\n(08:30-17:30hrs)","DO","DO","CHEQUEO BIANUAL INSTRUCTOR B767","CHEQUEO BIANUAL INSTRUCTOR B767","CHEQUEO BIANUAL INSTRUCTOR B767","Inicial G10","RESERVA IET","DO"],"nombre":"Kevin Segovia","bp":"3189967"},{"nombre":"Milagros Salas","dias":["DESAYUNO","Inicial G10","DO","DO","VACACIONES","VACACIONES","VACACIONES","VACACIONES","VACACIONES","VACACIONES","VACACIONES","VACACIONES","VACACIONES","VACACIONES","VACACIONES","VACACIONES","VACACIONES","VACACIONES","VACACIONES","INICIAL G12","VUELO IDA LIM SCL","COBUS SCL A320XLR","VUELO REGRESO SCL LIM","DO","DO","Inicial G10","CURSO 50%","Inicial G10","CURSO 50%","RESERVA IET","DO"],"bp":"2415373"},{"nombre":"Judith Fernandez","dias":["Inicial G10","Inicial G10","DO","DO","INICIAL G11","INICIAL G11","INICIAL G11","VACACIONES","VACACIONES","VACACIONES","VACACIONES","VACACIONES","VACACIONES","VACACIONES","VACACIONES","INICIAL G12","DO","DO","INICIAL G12","DITCHING B767","INICIAL G12","INICIAL G12","Inicial G10","DO","DO","CHEQUEO BIANUAL INSTRUCTOR B767","CHEQUEO BIANUAL INSTRUCTOR B767","CHEQUEO BIANUAL INSTRUCTOR B767","INICIAL G12","INICIAL G12","DO"],"bp":"2440915"},{"nombre":"Rafael Nieto","dias":["ADM","ADM","DO","DO","ADM","ADM","ADM","FERIADO","REUNIÓN INSTRUCTORES","DO","DO","ADM","ADM","ADM","ADM","ADM","DO","DO","ADM","ADM","ADM","ADM","ADM","DO","DO","ADM","ADM","ADM","ADM","ADM","DO"],"bp":"3796947"},{"nombre":"Gianfranco Celiz","bp":"3841387","dias":["RESERVA IET","BLOQUEO IET","DO","DO","Inicial G10","Inicial G10","Inicial G10","FERIADO","REUNIÓN INSTRUCTORES","DO","DO","INICIAL G11","INICIAL G11","RTI: PRÁCTICA\nA320F / B767\n(08:30-17:30 hrs)\nINS TITULAR\nGRUPO 2","DO","DO","DO","DO","Reva de Servicio\n(08:30-17:30 hrs)\nDÍA 1\nSVC DE TCS","RTI: VIRTUAL\nA320F / B767 / B787\n(08:30-17:30 hrs)\nINS TITULAR\nGRUPO 4","INICIAL G11","INICIAL G11","INICIAL G11","DO","DO","INICIAL G12","RTI: VIRTUAL\nA320F / B767 / B787\n(08:30-17:30 hrs)\nINS TITULAR\nGRUPO 5","Inicial G10","INICIAL G11","INICIAL G11","DO"]}]} | C11: 46296.54
A12: 2026-11 | B12: {"mes":"2026-11","fuente":"Rol Instructores LP NOVIEMBRE","hoja":"ROL INS","instructores":[{"bp":"2713993","nombre":"Fiorella Ruiz","dias":["VACACIONES","VACACIONES","VACACIONES","VACACIONES","RTI: PRÁCTICA\nA320F / B767 / B787\n(08:30-17:30 hrs)\nINS TITULAR\nINS APOYO\nGrupo 1","CURSO","FDS","FDS","PRENSA","EXP RECIENTE A320F\n EXTRA\n LIM-CJA-LIM\n LA 2299 (11:30-12:55 hrs)\n LA 2298 (13:40-14:50 hrs)","Chequeo Renovación IDE B767","VUELO PAPA","VUELO ifa 06:40 am","VUELO PAPA","VUELO PAPA","VUELO PAPA regresa 90 pm","RESERVA IET TARDE\n (14:30-16:00 hrs)","Chequeo Latam B787\n - LIM-SCL\n - LA 2697 (09:35-13:00 hrs)\n Chequeo Latam B787\n - SCL-LIM\n - LA 2696 (16:00-19:45 hrs)","RESERVA IET TARDE\n (14:00-15:40 hrs)","LCK A320F\n LIM-AQP-LIM\n LA 2123 (09:15-10:45 hrs)\n LA 2124 (11:25-13:00 hrs)\n LCK A320F\n LIM-TPP-LIM\n LA 2087 (14:10-15:35 hrs)\n LA 2088 (16:10-17:30 hrs)","FDS","FDS","Chequeo DGAC B787\n Avión energizado\n (08:30-17:30 hrs)\n 7 TC","RECALIFICACIÓN B787\n EN TIERRA\n (08:30-16:00 hrs)\n 1 JSB","LCK B787\n- LIM-SCL\n- LA 2697 (09:35-13:00 hrs)\nLCK B787\n- SCL-LIM\n- LA 2696 (16:00-19:45 hrs)","RESERVA IET TARDE\n (14:00-16:00 hrs)","Chequeo Latam B787\n- LIM-SCL\n- LA 2697 (09:35-13:00 hrs)\nChequeo Latam B787\n- SCL-LIM\n- LA 2696 (16:00-19:45 hrs)","FDS","FDS","Chequeo DGAC B787 \nAvión energizado"]},{"bp":"2396710","nombre":"Sebastian Correa","dias":["DO","VACACIONES","VACACIONES","VACACIONES","VACACIONES","VACACIONES","FDS","FDS","RESERVA IET\n (08:30-16:00 hrs)","LCK B787\n- LIM-SCL\n- LA 2697 (09:35-13:00 hrs)\nLCK B787\n- SCL-LIM\n- LA 2696 (16:00-19:45 hrs)","LCK B767\n VUELO LIM-MIA-LIM\n 2480/2481\n (Pres. 23:15)\n INS TITULAR\n Grupo 1","LCK B767\n PERNOCTA MIA","LCK B767\n REGRESO 2481\n (Fin 22:25)","FDS","FDS","LCK B787\n- LIM-SCL\n- LA 2697 (09:35-13:00 hrs)\nLCK B787\n- SCL-LIM\n- LA 2696 (16:00-19:45 hrs)","RESERVA IET TARDE\n(14:00-16:00 hrs)","EXP RECIENTE B787\n EXTRA\n - LIM-SCL\n - LA 2697 (09:35-13:00 hrs)\n - SCL-LIM\n - LA 2696 (16:00-19:45 hrs)","RESERVA IET TARDE\n(14:00-16:00 hrs)","LCK B787\n- LIM-SCL\n- LA 2697 (09:35-13:00 hrs)\nLCK B787\n- SCL-LIM\n- LA 2696 (16:00-19:45 hrs)","FDS","FDS","Chequeo Latam B787\n- LIM-SCL\n- LA 2697 (09:35-13:00 hrs)\nChequeo Latam B787\n- SCL-LIM\n- LA 2696 (16:00-19:45 hrs)","RESERVA IET TARDE","Chequeo DGAC B787\n Avión energizado\n (08:30-16:00 hrs)\n 5 TC","LCK B787\n - LIM-SCL\n - LA 2697 (09:35-13:00 hrs)\n LCK B787\n - SCL-LIM\n - LA 2696 (16:00-19:45 hrs)","RESERVA IET TARDE","FDS","FDS","Chequeo Latam B787\n- LIM-SCL\n- LA 2697 (09:35-13:00 hrs)\nChequeo Latam B787\n- SCL-LIM\n- LA 2696 (16:00-19:45 hrs)"]},{"bp":"1271571","nombre":"Christian Rondon","dias":["DO","REENTRENAMIENTO B767\n VUELO LIM-SCL-LIM\n 2487/2486\n (Pres. 11:00)\n INS TITULAR\n Grupo 1","RESERVA IET TARDE","DESAYUNO\n (08:30-12:00 hrs)","RESERVA IET","CURSO","FDS","FDS","PRENSA","RESERVA IET TARDE\n (14:00-16:00 hrs)","Chequeo Latam B787\n- LIM-SCL\n- LA 2697 (09:35-13:00 hrs)\nChequeo Latam B787\n- SCL-LIM\n- LA 2696 (16:00-19:45 hrs)","RESERVA IET TARDE\n (14:00-16:00 hrs)","Chequeo Latam B787\n - LIM-SCL\n - LA 2697 (09:35-13:00 hrs)\n Chequeo Latam B787\n - SCL-LIM\n - LA 2696 (16:00-19:45 hrs)","FDS","LIM FCO","LIM FCO","LIM FCO","LIM FCO","LIM FCO","LIM FCO","LIM FCO LLEGA \nllega sabado 09 am","FDS","EXP RECIENTE B767\n EXTRA\n VUELO LIM-SCL-LIM\n 2487/2486\n (Pres. 11:00 - Fin 21:25)","RESERVA IET TARDE","LCK B767\n VUELO LIM-MIA-LIM\n 2480/2481\n (Pres. 23:15)\n INS TITULAR\n Grupo 1","LCK B767\n PERNOCTA MIA","LCK B767\n REGRESO 2481\n (Fin 22:25)","FDS","FDS","RESERVA IET"]},{"bp":"2843319","nombre":"Karen Santa Cruz","dias":["DO","RTI \n(E-LEARNING HABILITACIÓN)","RTI \n( HABILITACIÓN)","RTI \n( HABILITACIÓN)","RTI \n( HABILITACIÓN)","RTI \n(E-LEARNING HABILITACIÓN)","DO","DO","LCK B767\n VUELO LIM-MIA-LIM\n 2694/2699\n (Pres. 12:30)\n INS TITULAR\n Grupo 1","LCK B767\n REGRESO 2699 23:10","LCK B767\n REGRESO 2699\n (Fin 05:30)","REENTRENAMIENTO A320F\n LIM-CUZ-LIM\n LA 2007 (08:50-10:15 hrs)\n LA 2008 (11:20-12:55 hrs)\n HABILITACIÓN A320F\n LIM-TPP-LIM\n LA 2087 (14:10-15:35 hrs)\n LA 2088 (16:10-17:30 hrs)","REUNIÓN INSTRUCTORES","DO","DO","EXP RECIENTE B767\n VUELO LIM-SCL-LIM\n 2487/2486\n (Pres. 11:00 - Fin 21:25)","LCK B767\n VUELO LIM-MIA-LIM\n 2480/2695\n (Pres. 23:15)\n INS TITULAR\n Grupo 1","LCK B767\n PERNOCTA MIA","LCK B767\n REGRESO 2695\n (Fin 23:00)","EXP RECIENTE A320F\n OPERA COMO PARTE DE LA TRIPULACIÓN\n LIM-AQP-LIM\n LA 2236 (17:50-19:30 hrs)\n LA 2237 (20:10-21:45 hrs)","DO","DO","LIM ATL","AUDITORIA","ATL LIM","DO","DO","DO","DO","LCK A320F\n LIM-CUZ-LIM\n LA 2075 (10:45-12:10 hrs)\n LA 2076 (12:50-14:25 hrs)\n LCK A320F\n LIM-PCL-LIM\n LA 2360 (15:35-16:50 hrs)\n LA 2361 (17:25-18:40 hrs)"]},{"bp":"3779550","nombre":"Jennifert Acurio","dias":["VACACIONES","VACACIONES","VACACIONES","VACACIONES","VACACIONES","VACACIONES","VACACIONES","VACACIONES","VACACIONES","VACACIONES","VACACIONES","VACACIONES","VACACIONES","VACACIONES","VACACIONES","INICIAL G11","CHEQUEO LATAM B767\n VUELO LIM-SCL-LIM\n 2487/2486\n (Pres. 11:00)\n INS TITULAR\n Grupo 2","RESERVA IET TARDE\n (14:00-16:00 hrs)","Reentrenamiento alumna B787\n- LIM-SCL\n- LA 2697 (09:35-13:00 hrs)\nReentrenamiento alumna B787\n- SCL-LIM\n- LA 2696 (16:00-19:45 hrs)","RESERVA IET TARDE","DO","DO","LCK B767\n VUELO LIM-MIA-LIM\n 2694/2699\n (Pres. 12:30)\n INS TITULAR\n Grupo 2","LCK B767\n REGRESO 2699 23:10","LCK B767\n REGRESO 2699\n (Fin 05:30)","LCK A320F\n LIM-AQP-LIM\n LA 2123 (09:15-10:45 hrs)\n LA 2124 (11:25-13:00 hrs)\n LCK A320F\n LIM-TPP-LIM\n LA 2087 (14:10-15:35 hrs)\n LA 2088 (16:10-17:30 hrs)","RESERVA IET TARDE","DO","DO","RESERVA IET"]},{"bp":"29530","nombre":"Jazmin Guerra","dias":["DO","CHEQUEO LATAM B767 (3 TC HB6)\n VUELO LIM-MIA-LIM\n 2694/2699\n (Pres. 12:30)\n INS TITULAR\n Grupo 2","CHEQUEO LATAM B767\n REGRESO 2699 23:10","CHEQUEO LATAM B767\n REGRESO 2699\n (Fin 05:30)","INICIAL G11","CURSO","DO","DO","PRENSA","EXP RECIENTE A320F\n OPERA COMO PARTE DE LA TRIPULACIÓN\n LIM-CJA-LIM\n LA 2299 (11:30-12:55 hrs)\n LA 2298 (13:40-14:50 hrs)","LCK A320F\n LIM-AQP-LIM\n LA 2123 (09:15-10:45 hrs)\n LA 2124 (11:25-13:00 hrs)\n LCK A320F\n LIM-CUZ-LIM\n LA 2232 (14:15-15:40 hrs)\n LA 2233 (16:25-18:00 hrs)","RESERVA IET TARDE","VUELO PAPA","VUELO PAPA vuelo salida 7 am","VUELO PAPA regresa 8:50 pm","LCK + RECALIFICACIÓN B767\n VUELO LIM-MIA-LIM\n 2480/2481\n (Pres. 23:15)\n INS TITULAR\n Grupo 2","LCK + RECALIFICACIÓN B767\n PERNOCTA MIA","LCK + RECALIFICACIÓN B767\n REGRESO 2481\n (Fin 22:25)","DO","DO","DO","DO","LCK B767\n VUELO LIM-MIA-LIM\n 2480/2481\n (Pres. 23:15)\n INS TITULAR\n Grupo 2","LCK B767\n PERNOCTA MIA","LCK B767\n REGRESO 2481\n (Fin 22:25)","RESERVA IET TARDE\n (15:00-15:40 hrs)","LCK A320F\n LIM-AQP-LIM\n LA 2123 (09:15-10:45 hrs)\n LA 2124 (11:25-13:00 hrs)\n LCK A320F\n LIM-TPP-LIM\n LA 2087 (14:10-15:35 hrs)\n LA 2088 (16:10-17:30 hrs)","DO","DO","LCK B767\n VUELO LIM-MIA-LIM\n 2694/2699\n (Pres. 12:30)\n INS TITULAR\n Grupo 2"]},{"bp":"3217561","nombre":"Claudia Flores","dias":["DO","VACACIONES","VACACIONES","VACACIONES","VACACIONES","VACACIONES","VACACIONES","VACACIONES","VACACIONES","VACACIONES","VACACIONES","VACACIONES","REUNIÓN INSTRUCTORES","DO","DO","INICIAL G11","LCK B767\n VUELO LIM-MIA-LIM\n 2694/2699\n (Pres. 12:30)\n INS TITULAR\n Grupo 2","LCK B767\n REGRESO 2699 23:10","LCK B767\n REGRESO 2699\n (Fin 05:30)","EXP RECIENTE A320F\n OPERA COMO PARTE DE LA TRIPULACIÓN\n LIM-UIO-LIM\n LA 2382 (13:20-15:45 hrs)\n LA 2383 (16:45-19:00 hrs)","DO","DO","LCK B767\n VUELO LIM-SCL-LIM\n 2487/2486\n (Pres. 11:00)\n INS TITULAR\n Grupo 2","LCK B767\n VUELO LIM-MIA-LIM\n 2480/2695\n (Pres. 23:15)\n INS TITULAR\n Grupo 2","LCK B767\n PERNOCTA MIA","LCK B767\n REGRESO 2695\n (Fin 23:00)","RESERVA IET TARDE\n(15:35-17:30 hrs)","DO","DO","LCK A320F\n LIM-AQP-LIM\n LA 2123 (09:15-10:45 hrs)\n LA 2124 (11:25-13:00 hrs)\n LCK A320F\n LIM-TPP-LIM\n LA 2087 (14:10-15:35 hrs)\n LA 2088 (16:10-17:30 hrs)"]},{"bp":"71348","nombre":"Karla Moz","dias":["","","","","","","DO","DO","","","","","","","","","","","","RESERVA IET","DO","DO","","","","","","DO","DO","RESERVA IET"]},{"bp":"967092","nombre":"Erika Dávila","dias":["DO","RRVV","INICIAL G11","RTI: PRÁCTICA\nA320F / B767 / B787\n(08:30-17:30 hrs)\nINS APOYO TM\nGrupo 1","RTI: PRÁCTICA\nA320F / B767 / B787\n(08:30-17:30 hrs)\nINS TITULAR\nGrupo 1","INICIAL G12","DO","DO","Ditching Presencial\n+ Hands On B767","RESERVA IET","RESERVA IET","RESERVA IET","REUNIÓN INSTRUCTORES","DO","DO","DO","DO","RESERVA IET\n (08:30-16:00 hrs)","Reentrenamiento B787\n- LIM-SCL\n- LA 2697 (09:35-13:00 hrs)\nHabilitación B787\n- SCL-LIM\n- LA 2696 (16:00-19:45 hrs)","RESERVA IET TARDE","DO","DO","Reva de Servicio\n JEFES\n (08:30-17:30 hrs)\n INS TITULAR\n 25 TRIP","RESERVA IET","HANDS ON B787+","RESERVA IET","RESERVA IET","DO","DO","RESERVA IET"]},{"bp":"2369641","nombre":"Elizabeth Torres","dias":["DO","INICIAL G11","INICIAL G11","CURSO CRM","CURSO CRM","CURSO CRM","DO","DO","REENTRENAMIENTO B767\n VUELO LIM-SCL-LIM\n 2487/2486\n (Pres. 11:00)\n INS TITULAR\n Grupo 2","RESERVA IET TARDE","LCK B767\n VUELO LIM-MIA-LIM\n 2694/2693\n (Pres. 12:30)\n INS TITULAR\n Grupo 2","LCK B767\n PERNOCTA MIA","LCK B767\n REGRESO 2693\n (Fin 06:35)","DO","DO","INICIAL G12\n (08:30-15:40 hrs)","LCK + RECALIFICACIÓN A320F\n LIM-AQP-LIM\n LA 2123 (09:15-10:45 hrs)\n LA 2124 (11:25-13:00 hrs)\n LCK A320F\n LIM-TPP-LIM\n LA 2087 (14:10-15:35 hrs)\n LA 2088 (16:10-17:30 hrs)","LCK B767\n VUELO LIM-MIA-LIM\n 2694/2693\n (Pres. 12:30)\nALUMNA Grupo 3","LCK B767\n PERNOCTA MIA","LCK B767\nALUMNA\n REGRESO 2693\n (Fin 06:35)","DO","DO","VACACIONES","VACACIONES","VACACIONES","VACACIONES","VACACIONES","VACACIONES","VACACIONES","VACACIONES"]},{"bp":"2369624","nombre":"Patricia Najar","dias":["DO","EXP RECIENTE B767\n OPERA COMO JEFA\n VUELO LIM-SCL-LIM\n 2487/2486\n (Pres. 11:00 - Fin 21:25)","RESERVA IET TARDE","LCK B767\n VUELO LIM-MIA-LIM\n 2694/2693\n (Pres. 12:30)\n INS TITULAR\n Grupo 2","B","LCK B767\n REGRESO 2693\n (Fin 06:35)","DO","DO","INICIAL G12","LCK B767\n VUELO LIM-MIA-LIM\n 2694/2699\n (Pres. 12:30)\n INS TITULAR\n Grupo 2","LCK B767\n REGRESO 2699 23:10","LCK B767\n REGRESO 2699\n (Fin 05:30)","REUNIÓN INSTRUCTORES","DO","DO","INICIAL G12","HANDS ON (08:30-17:30 hrs)","LCK A320F\n LIM-CUZ-LIM\n LA 2007 (08:50-10:15 hrs)\n LA 2008 (11:20-12:55 hrs)\n LCK A320F\n LIM-TPP-LIM\n LA 2087 (14:10-15:35 hrs)\n LA 2088 (16:10-17:30 hrs)","EXP RECIENTE A320F\n OPERA COMO PARTE DE LA TRIPULACIÓN\n LIM-UIO-LIM\n LA 2382 (13:20-15:45 hrs)\n LA 2383 (16:45-19:00 hrs)","RESERVA IET TARDE","DO","DO","LCK A320F\n LIM-AQP-LIM\n LA 2123 (09:15-10:45 hrs)\n LA 2124 (11:25-13:00 hrs)\n LCK A320F\n LIM-TPP-LIM\n LA 2087 (14:10-15:35 hrs)\n LA 2088 (16:10-17:30 hrs)","RESERVA IET TARDE\n (14:00-15:30 hrs)","LCK A320F\n LIM-CUZ-LIM\n LA 2075 (10:45-12:10 hrs)\n LA 2076 (12:50-14:25 hrs)\n LCK A320F\n LIM-PCL-LIM\n LA 2360 (15:35-16:50 hrs)\n LA 2361 (17:25-18:40 hrs)","DO","DO","DO","DO","Reva de Servicio\n TC\n (08:30-17:30 hrs)\n INS TITULAR\n 25 TRIP\n EMPALME"]},{"bp":"3134911","nombre":"Javier Zapata","dias":["DO","INICIAL G12","REENTRENAMIENTO B767 \n+\nCHEQUEO LATAM B767\n VUELO LIM-SCL-LIM\n 2487/2486\n (Pres. 11:00)\n INS TITULAR\n Grupo 3","B","LCK B767\n VUELO LIM-MIA-LIM\n 2480/2481\n (Pres. 23:15)\n INS TITULAR\n Grupo 3","LCK B767\n REGRESO 2481\n (Fin 22:25)","DO","DO","LCK B767\n VUELO LIM-MIA-LIM\n 2480/2481\n (Pres. 23:15)\n INS TITULAR\n Grupo 3","LCK B767\n PERNOCTA MIA","LCK B767\n REGRESO 2481\n (Fin 22:25)","RESERVA IET TARDE\n (15:00-17:30 hrs)","REUNIÓN INSTRUCTORES","DO","DO","LCK B767\n VUELO LIM-MIA-LIM\n 2694/2699\n (Pres. 12:30)\n INS TITULAR\n Grupo 1","LCK B767\n REGRESO 2699 23:10","LCK B767\n REGRESO 2699\n (Fin 05:30)","LCK A320F\n LIM-AQP-LIM\n LA 2123 (09:15-10:45 hrs)\n LA 2124 (11:25-13:00 hrs)\n LCK A320F\n LIM-TPP-LIM\n LA 2087 (14:10-15:35 hrs)\n LA 2088 (16:10-17:30 hrs)","DO","DO","DO","DO","LCK A320F\n LIM-AQP-LIM\n LA 2123 (09:15-10:45 hrs)\n LA 2124 (11:25-13:00 hrs)\n LCK A320F\n LIM-TPP-LIM\n LA 2087 (14:10-15:35 hrs)\n LA 2088 (16:10-17:30 hrs)","LCK B767\n VUELO LIM-MIA-LIM\n 2694/2693\n (Pres. 12:30)\n INS TITULAR\n Grupo 3","LCK B767\n PERNOCTA MIA","LCK B767\n REGRESO 2693\n (Fin 06:35)","DO","DO","RESERVA IET"]},{"bp":"3750335","nombre":"Jefferson Mendez","dias":["VACACIONES","VACACIONES","VACACIONES","VACACIONES","VACACIONES","VACACIONES","VACACIONES","DO","INICIAL G12","INICIAL G11","Chequeo Renovación IDE B767","Chequeo Renovación IDE B767","Chequeo Renovación IDE B767","DO","DO","LCK + RECALIFICACIÓN B767\n VUELO LIM-SCL-LIM\n 2487/2486\n (Pres. 11:00)\n INS TITULAR\n Grupo 3","RESERVA IET \nTARDE","LCK B767\n VUELO LIM-MIA-LIM\n 2480/2481\n (Pres. 23:15)\n INS TITULAR\n Grupo 3","LCK B767\n PERNOCTA MIA","LCK B767\n REGRESO 2481\n (Fin 22:25)","DO","DO","RESERVA IET","CHEQUEO DGAC B767 (5 TC HB6)\n AVION ENERGIZADO\n (08:30-17:30)\n INS TITULAR\n Grupo 3","RESERVA IET","RESERVA IET TARDE","RESERVA IET","DO","DO","RESERVA IET"]},{"bp":"3852423","nombre":"Gabriela Ungaro","dias":["DO","RRVV","EXP RECIENTE A320F\n OPERA COMO PARTE DE LA TRIPULACIÓN\n LIM-CJA-LIM\n LA 2299 (11:30-12:55 hrs)\n LA 2298 (13:40-14:50 hrs)","RTI: PRÁCTICA\nA320F / B767 / B787\n(08:30-17:30 hrs)\nINS APOYO\nGrupo 1","RESERVA IET\n (08:30-15:40 hrs)","LCK A320F\n LIM-AQP-LIM\n LA 2123 (09:15-10:45 hrs)\n LA 2124 (11:25-13:00 hrs)\n LCK A320F\n LIM-TPP-LIM\n LA 2087 (14:10-15:35 hrs)\n LA 2088 (16:10-17:30 hrs)","DO","DO","EXP RECIENTE B767\n OPERA COMO JEFA (va Elizabeth con reentrenamiento)\n VUELO LIM-SCL-LIM\n 2487/2486\n (Pres. 11:00 - Fin 21:25)","LCK B767\n VUELO LIM-MIA-LIM\n 2480/2695\n (Pres. 23:15)\n INS TITULAR\n Grupo 3","LCK B767\n PERNOCTA MIA","LCK B767\n REGRESO 2695\n (Fin 23:00)","REUNIÓN INSTRUCTORES\n TARDE (15:35-17:30 hrs)","DO","DO","CHEQUEO DGAC B767 (5 TC HB6)\n AVION ENERGIZADO\n (08:30-17:30)\n INS TITULAR\n Grupo 3","RESERVA IET","LCK B767\n VUELO LIM-MIA-LIM\n 2694/2693\n (Pres. 12:30)\n INS TITULAR\n Grupo 3","LCK B767\n PERNOCTA MIA","LCK B767\n REGRESO 2693\n (Fin 06:35)","DO","DO","RESERVA IET","RESERVA IET\n (08:30-15:40 hrs)","LCK A320F\n LIM-AQP-LIM\n LA 2123 (09:15-10:45 hrs)\n LA 2124 (11:25-13:00 hrs)\n LCK A320F\n LIM-CUZ-LIM\n LA 2232 (14:15-15:40 hrs)\n LA 2233 (16:25-18:00 hrs)","DO","DO","DO","DO","RESERVA IET"]},{"bp":"2604360","nombre":"Mariella Carrasco","dias":["DO","RRVV","LCK B767\n VUELO LIM-MIA-LIM\n 2480/2695\n (Pres. 23:15)\n INS TITULAR\n Grupo 3","LCK B767\n PERNOCTA MIA","LCK B767\n REGRESO 2695\n (Fin 23:00)","RESERVA IET TARDE\n (15:35-17:30 hrs)","DO","DO","Reva de Servicio\n TC\n (08:30-17:30 hrs)\n INS TITULAR\n 25 TRIP\n EMPALME","RESERVA IET","RTI: VIRTUAL\nA320F / B767\n(08:30-17:30 hrs)\nINS TITULAR\nGRUPO 2","EXP RECIENTE B767\n OPERA COMO PARTE DE LA TRIPULACIÓN\n VUELO LIM-SCL-LIM\n 2487/2486\n (Pres. 11:00 - Fin 21:25)","REUNIÓN INSTRUCTORES\n TARDE","DO","DO","VACACIONES","VACACIONES","VACACIONES","VACACIONES","VACACIONES","VACACIONES","VACACIONES","LCK A320F\n LIM-CUZ-LIM\n LA 2075 (10:45-12:10 hrs)\n LA 2076 (12:50-14:25 hrs)\n LCK A320F\n LIM-PCL-LIM\n LA 2360 (15:35-16:50 hrs)\n LA 2361 (17:25-18:40 hrs)","LCK B767\n VUELO LIM-MIA-LIM\n 2694/2699\n (Pres. 12:30)\n INS TITULAR\n Grupo 3","LCK B767\n REGRESO 2699 23:10","LCK B767\n REGRESO 2699\n (Fin 05:30)","","DO","DO","RESERVA IET"]},{"bp":"2823133","nombre":"Cesar Campos","dias":["DO","RRVV","INICIAL G11","INICIAL G11","Reva de Servicio\n TC\n (08:30-17:30 hrs)\n INS TITULAR\n 25 TRIP\n EMPALME","TALLER VOLUNTARIO DE SEGURIDAD","DO","DO","RESERVA IET","RESERVA IET","RTI: VIRTUAL\nA320F / B767\n(08:30-17:30 hrs)\nINS TITULAR\nGRUPO 2","RESERVA IET","REUNIÓN INSTRUCTORES","DO","DO","TALLER VOLUNTARIO","RTI: VIRTUAL\nA320F / B767\n(08:30-17:30 hrs)\nINS TITULAR\nGRUPO 4","RESERVA IET","RESERVA IET","RESERVA IET","DO","DO","RESERVA IET","EXP RECIENTE B767\n OPERA COMO JEFA\n VUELO LIM-SCL-LIM\n 2487/2486\n (Pres. 11:00 - Fin 21:25)","RESERVA IET TARDE","DO","DO","DO","DO","RESERVA IET"]},{"bp":"3189967","nombre":"Kevin Segovia","dias":["DO","RTI \n(E-LEARNING HABILITACIÓN)","RTI: VIRTUAL\nA320F / B767 / B787\n(08:30-17:30 hrs)\nINS TITULAR\nHABILITACIÓN\nGrupo 1","RTI: PRÁCTICA\nA320F / B767 / B787\n(08:30-17:30 hrs)\nINS TITULAR\nHABILITACIÓN\nGrupo 1","RTI \n(E-LEARNING HABILITACIÓN)","TALLER VOLUNTARIO DE SEGURIDAD","DO","DO","RESERVA IET","RTI: VIRTUAL\nA320F / B767\n(08:30-17:30 hrs)\nINS TITULAR\nGRUPO 2","RESERVA IET","RTI: VIRTUAL\nA320F / B767\n(08:30-17:30 hrs)\nINS TITULAR\nGRUPO 3","REUNIÓN INSTRUCTORES","DO","DO","TALLER VOLUNTARIO","RESERVA IET","RTI: VIRTUAL\nA320F / B767\n(08:30-17:30 hrs)\nINS TITULAR\nGRUPO 5","RESERVA IET","RESERVA IET","DO","DO","TALLER VOLUNTARIO","CHEQUEO DGAC B767","RESERVA IET","DO","DO","DO","DO","RESERVA IET"]},{"bp":"2415373","nombre":"Milagros Salas","dias":["DO","INICIAL G12","Reva de Servicio\n TC\n (08:30-17:30 hrs)\n INS TITULAR\n 25 TRIP\n EMPALME","INICIAL G11","INICIAL G11","TALLER VOLUNTARIO DE SEGURIDAD","DO","DO","Reentrenamiento A320F\n LIM-AQP-LIM\n LA 2123 (09:15-10:45 hrs)\n LA 2124 (11:25-13:00 hrs)\n Reentrenamiento A320F\n LIM-TPP-LIM\n LA 2087 (14:10-15:35 hrs)\n LA 2088 (16:10-17:30 hrs)","RESERVA IET TARDE","RTI: VIRTUAL\nA320F / B767\n(08:30-17:30 hrs)\nINS TITULAR\nGRUPO 3","RTI: VIRTUAL\nA320F / B767\n(08:30-17:30 hrs)\nINS TITULAR\nGRUPO 3","REUNIÓN INSTRUCTORES","DO","DO","TALLER VOLUNTARIO","RESERVA IET","RESERVA IET","RESERVA IET","RESERVA IET","DO","DO","TALLER VOLUNTARIO","HANDS ON B767\n (08:30-17:30 hrs)\n 1 TC","RESERVA IET","DO","DO","DO","DO","RESERVA IET"]},{"bp":"2440915","nombre":"Judith Fernandez","dias":["DO","INICIAL G12","INICIAL G12","INICIAL G12","RTI: PRÁCTICA\nA320F / B767 / B787\n(08:30-17:30 hrs)\nINS APOYO\nGrupo 1","Reva de Servicio\n TC\n (08:30-17:30 hrs)\n INS TITULAR\n 25 TRIP\n EMPALME","DO","DO","SITUACIONES DE EMERGENCIA\nTM A320","EXP RECIENTE B767\n OPERA COMO JEFA\n VUELO LIM-SCL-LIM\n 2487/2486\n (Pres. 11:00 - Fin 21:25)","RESERVA IET TARDE","Ditching Presencial\n+ Hands On A320","REUNIÓN INSTRUCTORES","DO","DO","Reva de Servicio\n TC\n (08:30-17:30 hrs)\n INS TITULAR\n 25 TRIP\n EMPALME","RESERVA IET","RTI: VIRTUAL\nA320F / B767\n(08:30-17:30 hrs)\nINS TITULAR\nGRUPO 4","RTI: VIRTUAL\nA320F / B767\n(08:30-17:30 hrs)\nINS TITULAR\nGRUPO 5","RESERVA IET","DO","DO","TALLER VOLUNTARIO","RESERVA IET","RESERVA IET","DO","DO","DO","DO","RESERVA IET"]},{"bp":"3796947","nombre":"Rafael Nieto","dias":["DO","","","","","","DO","DO","","","","","","DO","DO","","RESERVA IET","","","RESERVA IET","DO","DO","RESERVA IET","RESERVA IET","RESERVA IET","","","DO","DO","RESERVA IET"]},{"bp":"3841387","nombre":"Gianfranco Celiz","dias":["DO","RRVV","CUM","CUM","SITUACIONES DE EMERGENCIA\nA320 TM","Ditching Presencial\n+ Hands On A320","DO","DO","INICIAL G12","INICIAL G12","INICIAL G12","INICIAL G12","REUNIÓN INSTRUCTORES","DO","DO","RESERVA IET","RESERVA IET","RTI: VIRTUAL\nA320F / B767\n(08:30-17:30 hrs)\nINS TITULAR\nGRUPO 4","RTI: VIRTUAL\nA320F / B767\n(08:30-17:30 hrs)\nINS TITULAR\nGRUPO 5","RESERVA IET","DO","DO","RESERVA IET","RESERVA IET","RESERVA IET","DO","DO","DO","DO","EXP RECIENTE B767\n OPERA COMO JEFA\n VUELO LIM-SCL-LIM\n 2487/2486\n (Pres. 11:00 - Fin 21:25)"]}]} | C12: 46307.445 | D12: Google Sheet

Sheet Respuestas
A1: id | B1: json | C1: actualizadoAt

Sheet Usuarios
A1: BP | B1: Nombre (como aparece en el rol) | C1: Nombre completo | D1: Correo corporativo | E1: Rol | F1: Flota | G1: Categoría | H1: Estado en dotación | I1: Activo | J1: Observaciones
A2: 2713993 | B2: Fiorella Ruiz | C2: RUIZ RIOJA FIORELLA DEL PILAR | E2: Instructor | F2: NB | G2: INS | H2: OOF | I2: SI | J2: Datos de dotación en otro formato (flota NB/WB, categoría INS, estado OOF). Validar.
A3: 2396710 | B3: Sebastian Correa | C3: CORREA GARCIA JUAN SEBASTIAN | E3: Instructor | F3: NB | G3: INS | H3: OOF | I3: SI | J3: Datos de dotación en otro formato (flota NB/WB, categoría INS, estado OOF). Validar.
A4: 1271571 | B4: Christian Rondon | C4: RONDON BARRUTIA CHRISTIAN ERIC | E4: Instructor | F4: WB | G4: INS | H4: OOF | I4: SI | J4: Datos de dotación en otro formato (flota NB/WB, categoría INS, estado OOF). Validar.
A5: 2843319 | B5: Karen Santa Cruz | C5: SANTA CRUZ HUAMAN KAREN | E5: Instructor | F5: A319/A320/B767/B787 | G5: JSB | H5: INS | I5: SI
A6: 3779550 | B6: Jennifert Acurio | C6: ACURIO DARGENT JENNIFERT MILAGROS | E6: Instructor | F6: A319/A320/B767/B787 | G6: JSB | H6: INS | I6: SI
A7: 29530 | B7: Jazmin Guerra | C7: GUERRA SUAREZ JAZMIN KARINA | E7: Instructor | F7: A319/A320/B767/B787 | G7: JSB | H7: INS | I7: SI
A8: 3217561 | B8: Claudia Flores | C8: FLORES FUENTES DAVILA CLAUDIA ALEXANDRA | E8: Instructor | F8: A319/A320/B767/B787 | G8: JSB | H8: INS | I8: SI
A9: 71348 | B9: Karla Moz | C9: MOZ MONTES KARLA LISSETTE | E9: Instructor | G9: JSBS | H9: LP | I9: SI | J9: Flota sin dato en la hoja de dotación.
A10: 967092 | B10: Erika Dávila | C10: DAVILA BELLO MARIA ERIKA | E10: Instructor | F10: A319/A320/B767/B787 | G10: JSBS | H10: INS | I10: SI
A11: 2369641 | B11: Elizabeth Torres | C11: TORRES POLO ELIZABETH DEL PILAR | E11: Instructor | F11: A319/A320/A321/B767 | G11: JSB | H11: INS | I11: SI
A12: 2369624 | B12: Patricia Najar | C12: NAJAR CRUZ PATRICIA DEL PILAR | E12: Instructor | F12: A319/A320/A321/B767 | G12: JSB | H12: INS | I12: SI
A13: 3134911 | B13: Javier Zapata | C13: ZAPATA GARAYAR JAVIER RICARDO SALVADOR | E13: Instructor | F13: A319/A320/A321/B767 | G13: JSB | H13: INS | I13: SI
A14: 3750335 | B14: Jefferson Mendez | C14: MENDEZ RUCOBA JEFFERSON JOHONATAN | E14: Instructor | F14: A319/A320/A321/B767 | G14: JSB | H14: INS | I14: SI
A15: 3852423 | B15: Gabriela Ungaro | C15: UNGARO GUTIERREZ SARA GABRIELA | E15: Instructor | F15: A319/A320/A321/B767 | G15: JSB | H15: INS | I15: SI
A16: 2604360 | B16: Mariella Carrasco | C16: CARRASCO BENAVIDES ROSA MARIELLA | E16: Instructor | F16: A319/A320/A321/B767 | G16: JSB | H16: INS | I16: SI
A17: 2823133 | B17: Cesar Campos | C17: CAMPOS CONCHE CESAR AUGUSTO | E17: Instructor | F17: A319/A320/A321/B767 | G17: JSB | H17: INS | I17: SI
A18: 3189967 | B18: Kevin Segovia | C18: SEGOVIA TAPIA RAY KEVIN | E18: Instructor | F18: A319/A320/A321/B767 | G18: JSB | H18: INS | I18: SI
A19: 2415373 | B19: Milagros Salas | C19: SALAS COSIO MILAGROS PATRICIA | E19: Instructor | F19: A319/A320/A321/B767 | G19: JSBS | H19: INS | I19: SI
A20: 2440915 | B20: Judith Fernandez | C20: FERNANDEZ GARCIA JUDITH JULIET | E20: Instructor | F20: A319/A320/A321/B767 | G20: JSBS | H20: INS | I20: SI
A21: 3796947 | B21: Rafael Nieto | C21: NIETO SAENZ RAFAEL ANTONIO | E21: Instructor | G21: JSB | H21: NME | I21: SI | J21: Flota sin dato en la hoja de dotación.
A22: 3841387 | B22: Gianfranco Celiz | C22: CELIZ ROSSI GIANFRANCO PAOLO | E22: Instructor | F22: A319/A320/A321/B767 | G22: JSB | H22: INS | I22: SI
A23: 6019028 | B23: Fernando Celadita | C23: FERNANDO CELADITA GASPAR | D23: fernando.celadita@latam.com | E23: Administrador | I23: SI
A24: 6014982 | B24: Mario Fernandez | C24: Mario Martin Fernandez Moscoso | D24: mario.fernandez@latam.com | E24: Administrador | I24: SI

Sheet Fuentes
A1: Mes | B1: Google Sheet (enlace o ID) | C1: Hoja | D1: Activo | E1: Última sincronización | F1: Estado | G1: Instructores | H1: Archivo
A2: 2026-11 | B2: https://docs.google.com/spreadsheets/d/1B0IizPnZybvm3cm1nnRhKSUHGl0WcEAmeiK3gvEaqxw/edit?gid=681297197#gid=681297197 | C2: ROL INS | D2: SI | E2: 46307.445 | F2: OK · 38 días sin asignar. | G2: 21 | H2: Rol Instructores LP NOVIEMBRE · ROL INS

Sheet Solicitudes
A1: BP | B1: Nombre | C1: Desde | D1: Hasta | E1: Tipo | F1: Estado
A2: 71348 | B2: Karla Moz | C2: 46082 | D2: 46112 | E2: LP | F2: asignado
A3: 3796947 | B3: Rafael Nieto | C3: 46082 | D3: 46112 | E3: SICK | F3: asignado
A4: 2713993 | B4: Fiorella Ruiz | C4: 46092 | D4: 46094 | E4: Recurrente Auditor 2026 | F4: asignado
A5: 2604360 | B5: Mariella Carrasco | C5: 46092 | D5: 46094 | E5: Recurrente Auditor 2026 | F5: asignado
A6: 2369624 | B6: Patricia del Pilar Najar | C6: 46092 | D6: 46094 | E6: Recurrente Auditor 2026 | F6: asignado
A7: 2823133 | B7: Cesar Campos | C7: 46094 | D7: 46094 | E7: Reunión Instructores | F7: asignado
A8: 1271571 | B8: Christian Rondon | C8: 46094 | D8: 46094 | E8: Reunión Instructores | F8: asignado
A9: 3217561 | B9: Claudia Flores | C9: 46094 | D9: 46094 | E9: Reunión Instructores | F9: asignado
A10: 2369641 | B10: Elizabeth Torres | C10: 46094 | D10: 46094 | E10: Reunión Instructores | F10: asignado
A11: 967092 | B11: Erika Dávila | C11: 46094 | D11: 46094 | E11: Reunión Instructores | F11: asignado
A12: 2713993 | B12: Fiorella Ruiz | C12: 46094 | D12: 46094 | E12: Reunión Instructores | F12: asignado
A13: 3852423 | B13: Gabriela Ungaro | C13: 46094 | D13: 46094 | E13: Reunión Instructores | F13: asignado
... A230: 1271571 | B230: Christian Rondon | C230: 46295 | D230: 46295 | E230: ASIGNAR VUELO EXP REC B787 ANTES DE 07 OCT | F230: no se asignó

Sheet Vigencias
A1: BP | B1: Nombre | C1: Experiencia reciente programada | D1: Última experiencia reciente
A2: 29530 | B2: Jazmin Guerra | D2: 46217
A3: 71348 | B3: Karla Moz | C3: VENCIDO | D3: 45915
A4: 967092 | B4: Erika Dávila | C4: 46241 | D4: 46169
A5: 2369624 | B5: Patricia Najar | D5: 46218
A6: 2369641 | B6: Elizabeth Torres | D6: 46233
A7: 2415373 | B7: Milagros Salas | D7: 46192
A8: 2440915 | B8: Judith Fernandez | D8: 46203
A9: 2604360 | B9: Mariella Carrasco | D9: 46199
A10: 2823133 | B10: Cesar Campos | C10: 46238 | D10: 46156
A11: 2843319 | B11: Karen Santa Cruz | D11: 46218
A12: 2963161
A13: 3134911 | B13: Javier Zapata | D13: 46212
A14: 3189967 | B14: Kevin Segovia | D14: 46199
A15: 3217561 | B15: Claudia Flores | D15: 46191
A16: 3750335 | B16: Jefferson Mendez | C16: 46230 | D16: 46230
A17: 3779550 | B17: Jennifert Acurio | D17: 46209
A18: 3796947 | B18: Rafael Nieto | C18: VENCIDO | D18: 45807
A19: 3841387 | B19: Gianfranco Celiz | D19: 46212
A20: 3852423 | B20: Gabriela Ungaro | D20: 46223

Sheet Registro
A1: Fecha y hora | B1: BP | C1: Nombre | D1: Correo | E1: Rol | F1: Evento | G1: Resultado | H1: Dispositivo / navegador
A2: 46304.247 | B2: 6019028 | C2: Fernando Celadita | D2: fernando.celadita@latam.com | E2: Administrador | F2: Intento fallido | G2: Cuenta sin activar | H2: Chrome en Windows
A3: 46304.247 | B3: 6019028 | C3: Fernando Celadita | D3: fernando.celadita@latam.com | E3: Administrador | F3: Ingreso | G3: OK | H3: Chrome en Windows
A4: 46304.248 | B4: 6014982 | C4: Mario Fernandez | D4: mario.fernandez@latam.com | E4: Administrador | F4: Código temporal generado | G4: Por Fernando Celadita
A5: 46304.249 | B5: 6019028 | C5: Fernando Celadita | D5: fernando.celadita@latam.com | E5: Administrador | F5: Salida | G5: OK | H5: Chrome en Windows
A6: 46304.249 | B6: 6014982 | C6: Mario Fernandez | D6: mario.fernandez@latam.com | E6: Administrador | F6: Intento fallido | G6: Cuenta sin activar | H6: Chrome en Windows
A7: 46304.258 | B7: 6019028 | C7: Fernando Celadita | D7: fernando.celadita@latam.com | E7: Administrador | F7: Ingreso | G7: OK | H7: Chrome en Android
A8: 46304.269 | B8: 6019028 | C8: Fernando Celadita | D8: fernando.celadita@latam.com | E8: Administrador | F8: Salida | G8: OK | H8: Chrome en Android
A9: 46304.271 | B9: 6019028 | C9: Fernando Celadita | D9: fernando.celadita@latam.com | E9: Administrador | F9: Activación de cuenta | G9: OK | H9: Chrome en Android
A10: 46304.271 | B10: 6019028 | C10: Fernando Celadita | D10: fernando.celadita@latam.com | E10: Administrador | F10: Ingreso | G10: OK | H10: Chrome en Android
A11: 46304.271 | B11: 6014982 | C11: Mario Fernandez | D11: mario.fernandez@latam.com | E11: Administrador | F11: Código temporal generado | G11: Por Fernando Celadita
A12: 46304.273 | B12: 6019028 | C12: Fernando Celadita | D12: fernando.celadita@latam.com | E12: Administrador | F12: Salida | G12: OK | H12: Chrome en Android
A13: 46304.274 | B13: 6019028 | C13: Fernando Celadita | D13: fernando.celadita@latam.com | E13: Administrador | F13: Ingreso | G13: OK | H13: Chrome en Android
